source,dimension,level,indicator,n_buildings,n,k,share_unweighted,wilson95_lo,wilson95_hi,n_weighted,share_weighted,boot95_lo,boot95_hi,kish_n_eff
site_visits qwyr-7esw,statewide,all,panel_le60A,358,563,195,0.3464,0.3082,0.3866,528,0.4296,0.3681,0.489,275.9768
site_visits qwyr-7esw,statewide,all,panel_ge100A,358,563,323,0.5737,0.5325,0.6139,528,0.4894,0.4338,0.549,275.9768
site_visits qwyr-7esw,statewide,all,panel_ge125A,358,563,121,0.2149,0.183,0.2507,528,0.1867,0.1436,0.2317,275.9768
site_visits qwyr-7esw,statewide,all,panel_ge200A,358,563,30,0.0533,0.0376,0.075,528,0.0486,0.0283,0.073,275.9768
site_visits qwyr-7esw,statewide,all,panel_208V,352,556,53,0.0953,0.0736,0.1226,530,0.0515,0.0316,0.0739,276.6471
site_visits qwyr-7esw,size,1-3 floors,panel_le60A,195,293,78,0.2662,0.2189,0.3196,280,0.3525,0.2708,0.4282,140.7829
site_visits qwyr-7esw,size,1-3 floors,panel_ge100A,195,293,196,0.6689,0.6132,0.7203,280,0.5838,0.5014,0.6707,140.7829
site_visits qwyr-7esw,size,1-3 floors,panel_ge125A,195,293,68,0.2321,0.1874,0.2837,280,0.1974,0.1375,0.264,140.7829
site_visits qwyr-7esw,size,1-3 floors,panel_ge200A,195,293,19,0.0648,0.0419,0.0991,280,0.055,0.0289,0.0858,140.7829
site_visits qwyr-7esw,size,1-3 floors,panel_208V,194,294,21,0.0714,0.0472,0.1067,281,0.0305,0.0122,0.0561,144.7619
site_visits qwyr-7esw,size,4-7 floors,panel_le60A,114,190,92,0.4842,0.4142,0.5549,172,0.5232,0.4282,0.617,112.9371
site_visits qwyr-7esw,size,4-7 floors,panel_ge100A,114,190,84,0.4421,0.3733,0.5132,172,0.3879,0.3016,0.4752,112.9371
site_visits qwyr-7esw,size,4-7 floors,panel_ge125A,114,190,27,0.1421,0.0995,0.1989,172,0.1564,0.0915,0.2303,112.9371
site_visits qwyr-7esw,size,4-7 floors,panel_ge200A,114,190,4,0.0211,0.0082,0.0529,172,0.0376,0.0061,0.0794,112.9371
site_visits qwyr-7esw,size,4-7 floors,panel_208V,105,173,17,0.0983,0.0623,0.1517,165,0.0709,0.0345,0.113,107.0273
site_visits qwyr-7esw,size,8+ floors,panel_le60A,49,80,25,0.3125,0.2215,0.4207,76,0.292,0.1741,0.4257,48.4444
site_visits qwyr-7esw,size,8+ floors,panel_ge100A,49,80,43,0.5375,0.429,0.6425,76,0.5451,0.4007,0.6775,48.4444
site_visits qwyr-7esw,size,8+ floors,panel_ge125A,49,80,26,0.325,0.2324,0.4336,76,0.3556,0.2206,0.5029,48.4444
site_visits qwyr-7esw,size,8+ floors,panel_ge200A,49,80,7,0.0875,0.043,0.1698,76,0.087,0.0207,0.1701,48.4444
site_visits qwyr-7esw,size,8+ floors,panel_208V,53,89,15,0.1685,0.1049,0.2596,84,0.0786,0.0349,0.1317,51.7527
site_visits qwyr-7esw,own,Affordable census block/NOAH,panel_le60A,72,106,36,0.3396,0.2565,0.434,103,0.4076,0.2908,0.5221,72.388
site_visits qwyr-7esw,own,Affordable census block/NOAH,panel_ge100A,72,106,61,0.5755,0.4804,0.6653,103,0.5155,0.3972,0.6293,72.388
site_visits qwyr-7esw,own,Affordable census block/NOAH,panel_ge125A,72,106,26,0.2453,0.1732,0.3351,103,0.2369,0.1511,0.3354,72.388
site_visits qwyr-7esw,own,Affordable census block/NOAH,panel_ge200A,72,106,4,0.0377,0.0148,0.093,103,0.0449,0.0066,0.1004,72.388
site_visits qwyr-7esw,own,Affordable census block/NOAH,panel_208V,72,107,4,0.0374,0.0146,0.0922,104,0.0212,0.0,0.0442,75.1718
site_visits qwyr-7esw,own,Affordable subsidized,panel_le60A,109,174,59,0.3391,0.2729,0.4122,174,0.4445,0.3528,0.5406,111.1218
site_visits qwyr-7esw,own,Affordable subsidized,panel_ge100A,109,174,102,0.5862,0.5119,0.6568,174,0.473,0.3805,0.5665,111.1218
site_visits qwyr-7esw,own,Affordable subsidized,panel_ge125A,109,174,41,0.2356,0.1787,0.304,174,0.1875,0.1289,0.2519,111.1218
site_visits qwyr-7esw,own,Affordable subsidized,panel_ge200A,109,174,9,0.0517,0.0274,0.0954,174,0.0414,0.0176,0.0727,111.1218
site_visits qwyr-7esw,own,Affordable subsidized,panel_208V,111,178,30,0.1685,0.1207,0.2304,178,0.108,0.0705,0.151,111.4648
site_visits qwyr-7esw,own,Co-op/condo,panel_le60A,33,61,24,0.3934,0.2807,0.5188,59,0.4206,0.2892,0.5742,46.6509
site_visits qwyr-7esw,own,Co-op/condo,panel_ge100A,33,61,25,0.4098,0.2954,0.535,59,0.3984,0.2568,0.5423,46.6509
site_visits qwyr-7esw,own,Co-op/condo,panel_ge125A,33,61,14,0.2295,0.1419,0.3491,59,0.2472,0.1247,0.3802,46.6509
site_visits qwyr-7esw,own,Co-op/condo,panel_ge200A,33,61,4,0.0656,0.0258,0.1568,59,0.1158,0.023,0.2405,46.6509
site_visits qwyr-7esw,own,Co-op/condo,panel_208V,34,63,6,0.0952,0.0444,0.1926,61,0.0638,0.0125,0.1395,48.0751
site_visits qwyr-7esw,own,Market-rate rental,panel_le60A,127,194,69,0.3557,0.2917,0.4252,192,0.4451,0.3545,0.527,131.2699
site_visits qwyr-7esw,own,Market-rate rental,panel_ge100A,127,194,114,0.5876,0.5173,0.6545,192,0.4942,0.4084,0.5805,131.2699
site_visits qwyr-7esw,own,Market-rate rental,panel_ge125A,127,194,34,0.1753,0.1282,0.2349,192,0.1363,0.0873,0.1892,131.2699
site_visits qwyr-7esw,own,Market-rate rental,panel_ge200A,127,194,13,0.067,0.0396,0.1113,192,0.037,0.0165,0.0632,131.2699
site_visits qwyr-7esw,own,Market-rate rental,panel_208V,122,189,11,0.0582,0.0328,0.1012,187,0.0614,0.0272,0.1025,124.2252
site_visits qwyr-7esw,region,ConEd,panel_le60A,131,211,103,0.4882,0.4215,0.5552,194,0.5593,0.473,0.6468,118.7488
site_visits qwyr-7esw,region,ConEd,panel_ge100A,131,211,83,0.3934,0.3299,0.4606,194,0.345,0.267,0.428,118.7488
site_visits qwyr-7esw,region,ConEd,panel_ge125A,131,211,44,0.2085,0.1592,0.2683,194,0.1753,0.1094,0.2439,118.7488
site_visits qwyr-7esw,region,ConEd,panel_ge200A,131,211,11,0.0521,0.0294,0.0909,194,0.0467,0.0158,0.0848,118.7488
site_visits qwyr-7esw,region,ConEd,panel_208V,132,212,17,0.0802,0.0507,0.1247,201,0.0424,0.0174,0.0735,122.3919
site_visits qwyr-7esw,region,PSEG-LI,panel_le60A,52,83,47,0.5663,0.4591,0.6676,83,0.633,0.4925,0.7588,47.4996
site_visits qwyr-7esw,region,PSEG-LI,panel_ge100A,52,83,28,0.3373,0.2448,0.4442,83,0.2907,0.1622,0.4175,47.4996
site_visits qwyr-7esw,region,PSEG-LI,panel_ge125A,52,83,7,0.0843,0.0415,0.164,83,0.064,0.0137,0.1293,47.4996
site_visits qwyr-7esw,region,PSEG-LI,panel_ge200A,52,83,0,0.0,0.0,0.0442,83,0.0,0.0,0.0,47.4996
site_visits qwyr-7esw,region,PSEG-LI,panel_208V,55,90,8,0.0889,0.0457,0.1657,90,0.0562,0.0098,0.1239,50.2516
site_visits qwyr-7esw,region,CenHud+O&R,panel_le60A,35,50,14,0.28,0.1747,0.4167,50,0.288,0.1413,0.4488,32.1479
site_visits qwyr-7esw,region,CenHud+O&R,panel_ge100A,35,50,34,0.68,0.5419,0.7924,50,0.6719,0.5065,0.8277,32.1479
site_visits qwyr-7esw,region,CenHud+O&R,panel_ge125A,35,50,17,0.34,0.2244,0.4785,50,0.2467,0.1174,0.4029,32.1479
site_visits qwyr-7esw,region,CenHud+O&R,panel_ge200A,35,50,7,0.14,0.0695,0.2619,50,0.0878,0.014,0.1874,32.1479
site_visits qwyr-7esw,region,CenHud+O&R,panel_208V,31,44,4,0.0909,0.0359,0.2116,44,0.0199,0.0042,0.0432,29.3774
site_visits qwyr-7esw,region,NationalGrid,panel_le60A,75,123,12,0.0976,0.0567,0.1628,115,0.1095,0.0426,0.1861,74.066
site_visits qwyr-7esw,region,NationalGrid,panel_ge100A,75,123,109,0.8862,0.818,0.931,115,0.8639,0.7826,0.9431,74.066
site_visits qwyr-7esw,region,NationalGrid,panel_ge125A,75,123,29,0.2358,0.1695,0.3181,115,0.154,0.0894,0.2353,74.066
site_visits qwyr-7esw,region,NationalGrid,panel_ge200A,75,123,9,0.0732,0.039,0.1332,115,0.0693,0.0228,0.1267,74.066
site_visits qwyr-7esw,region,NationalGrid,panel_208V,66,110,15,0.1364,0.0844,0.2129,106,0.094,0.0411,0.1632,67.9773
site_visits qwyr-7esw,region,NYSEG+RG&E,panel_le60A,61,89,14,0.1573,0.0961,0.2469,86,0.1159,0.0501,0.1972,57.5762
site_visits qwyr-7esw,region,NYSEG+RG&E,panel_ge100A,61,89,67,0.7528,0.654,0.8307,86,0.7826,0.6706,0.8702,57.5762
site_visits qwyr-7esw,region,NYSEG+RG&E,panel_ge125A,61,89,22,0.2472,0.1693,0.346,86,0.3198,0.2052,0.4383,57.5762
site_visits qwyr-7esw,region,NYSEG+RG&E,panel_ge200A,61,89,3,0.0337,0.0115,0.0945,86,0.0445,0.0,0.1062,57.5762
site_visits qwyr-7esw,region,NYSEG+RG&E,panel_208V,63,92,9,0.0978,0.0523,0.1756,89,0.0698,0.0106,0.1437,58.4558
site_visits qwyr-7esw,region,Upstate (NationalGrid+NYSEG+RG&E),panel_le60A,136,212,26,0.1226,0.0851,0.1736,201,0.1127,0.0662,0.1685,129.7769
site_visits qwyr-7esw,region,Upstate (NationalGrid+NYSEG+RG&E),panel_ge100A,136,212,176,0.8302,0.7739,0.8747,201,0.8235,0.7583,0.8834,129.7769
site_visits qwyr-7esw,region,Upstate (NationalGrid+NYSEG+RG&E),panel_ge125A,136,212,51,0.2406,0.188,0.3024,201,0.2364,0.1698,0.3112,129.7769
site_visits qwyr-7esw,region,Upstate (NationalGrid+NYSEG+RG&E),panel_ge200A,136,212,12,0.0566,0.0327,0.0963,201,0.057,0.0234,0.1006,129.7769
site_visits qwyr-7esw,region,Upstate (NationalGrid+NYSEG+RG&E),panel_208V,129,202,24,0.1188,0.0812,0.1707,195,0.0811,0.0391,0.1309,123.8578
site_visits qwyr-7esw,vintage,1940-1978,panel_le60A,119,183,60,0.3279,0.264,0.3988,175,0.3769,0.2764,0.4728,99.5487
site_visits qwyr-7esw,vintage,1940-1978,panel_ge100A,119,183,106,0.5792,0.5068,0.6484,175,0.523,0.425,0.6233,99.5487
site_visits qwyr-7esw,vintage,1940-1978,panel_ge125A,119,183,46,0.2514,0.1941,0.3189,175,0.2207,0.1526,0.3021,99.5487
site_visits qwyr-7esw,vintage,1940-1978,panel_ge200A,119,183,16,0.0874,0.0545,0.1373,175,0.0609,0.0298,0.1023,99.5487
site_visits qwyr-7esw,vintage,1940-1978,panel_208V,127,196,23,0.1173,0.0795,0.1699,187,0.085,0.0342,0.1381,104.196
site_visits qwyr-7esw,vintage,1979-2006,panel_le60A,52,85,21,0.2471,0.1676,0.3483,80,0.335,0.1408,0.5321,26.2023
site_visits qwyr-7esw,vintage,1979-2006,panel_ge100A,52,85,60,0.7059,0.6018,0.7921,80,0.6463,0.4653,0.8246,26.2023
site_visits qwyr-7esw,vintage,1979-2006,panel_ge125A,52,85,22,0.2588,0.1776,0.3609,80,0.1495,0.0683,0.2586,26.2023
site_visits qwyr-7esw,vintage,1979-2006,panel_ge200A,52,85,5,0.0588,0.0254,0.1304,80,0.0606,0.0071,0.1369,26.2023
site_visits qwyr-7esw,vintage,1979-2006,panel_208V,53,87,9,0.1034,0.0554,0.1851,82,0.0282,0.0099,0.0538,27.4939
site_visits qwyr-7esw,vintage,2007+,panel_le60A,42,65,6,0.0923,0.043,0.1871,63,0.028,0.0068,0.0658,24.4862
site_visits qwyr-7esw,vintage,2007+,panel_ge100A,42,65,53,0.8154,0.7045,0.8911,63,0.8368,0.6538,0.9602,24.4862
site_visits qwyr-7esw,vintage,2007+,panel_ge125A,42,65,21,0.3231,0.222,0.4439,63,0.2395,0.1018,0.432,24.4862
site_visits qwyr-7esw,vintage,2007+,panel_ge200A,42,65,0,0.0,0.0,0.0558,63,0.0,0.0,0.0,24.4862
site_visits qwyr-7esw,vintage,2007+,panel_208V,41,64,15,0.2344,0.1475,0.3513,62,0.1674,0.0744,0.2964,24.7395
site_visits qwyr-7esw,vintage,pre-1940,panel_le60A,144,229,108,0.4716,0.408,0.5362,209,0.5416,0.459,0.6232,134.5255
site_visits qwyr-7esw,vintage,pre-1940,panel_ge100A,144,229,103,0.4498,0.3867,0.5145,209,0.3836,0.3081,0.4654,134.5255
site_visits qwyr-7esw,vintage,pre-1940,panel_ge125A,144,229,31,0.1354,0.097,0.1857,209,0.1617,0.1044,0.2253,134.5255
site_visits qwyr-7esw,vintage,pre-1940,panel_ge200A,144,229,9,0.0393,0.0208,0.073,209,0.049,0.0176,0.0868,134.5255
site_visits qwyr-7esw,vintage,pre-1940,panel_208V,130,208,6,0.0288,0.0133,0.0615,198,0.019,0.0043,0.0383,129.5584
