id,station_name,street_address,city,zip,status_code,access_code,access_detail_code,facility_type,owner_type_code,ev_network,ev_level1_evse_num,ev_level2_evse_num,ev_dc_fast_num,ports_total,ev_connector_types,ev_pricing,ev_workplace_charging,open_date,date_last_confirmed,updated_at,latitude,longitude,COUNTYFP
44339,Maguire Family of Dealerships,504 S Meadow St,Ithaca,14850,E,private,,CAR_DEALER,P,Non-Networked,0,1,0,1,['J1772'],,False,2011-11-30,2024-02-12,2025-02-12T00:16:32Z,42.435042,-76.5088,109
114957,La Tourelle Hotel & Spa - Tesla Destination,1150 Danby Rd,Ithaca,14850,E,public,,HOTEL,P,Tesla Destination,0,2,0,2,['TESLA'],Free,False,2016-12-12,2026-08-27,2026-08-27T18:11:53Z,42.401672,-76.502904,109
114959,William Henry Miller Inn - Tesla Destination,303 N Aurora St,Ithaca,14850,E,public,,INN,P,Tesla Destination,0,1,0,1,['TESLA'],Free,False,2016-03-08,2026-08-27,2026-08-27T18:11:53Z,42.441678,-76.49534,109
117739,Maguire Chevrolet,35 Cinema Dr,Ithaca,14850,E,public,CALL,CAR_DEALER,P,Non-Networked,0,2,1,3,"['J1772', 'J1772COMBO']",Free,False,2019-01-01,2024-03-14,2025-02-12T00:16:32Z,42.480929,-76.477605,109
123135,Allan H. Treman State Park,805 Taughannock Blvd. (Rt 89),Ithaca,14850,E,public,,,,EV Connect,0,4,0,4,['J1772'],,False,2019-04-01,2026-09-14,2026-09-14T03:49:21Z,42.458261,-76.520092,109
123137,Cayuga Heights,"836 Hanshaw Rd,",Ithaca,14850,E,public,,,,EV Connect,0,2,0,2,['J1772'],,False,2019-04-01,2026-09-14,2026-09-14T03:49:17Z,42.469472,-76.478871,109
149318,"Ithaca, NY - Tesla Supercharger",740 South Meadow Street,Ithaca,14850,E,public,,SHOPPING_CENTER,P,Tesla,0,0,8,8,['TESLA'],,False,2019-07-24,2026-06-18,2026-06-18T14:46:21Z,42.428608,-76.509113,109
157971,Maguire Family of Dealerships,370 Elmira Rd,Ithaca,14850,E,private,,CAR_DEALER,P,Non-Networked,0,0,2,2,['J1772COMBO'],,False,2020-05-15,2024-05-09,2025-02-12T00:16:32Z,42.422535,-76.518884,109
162227,NORTH WOOD STATION 1,700 Warren Rd,Ithaca,14850,E,public,,,,ChargePoint Network,0,2,0,2,['J1772'],,False,2020-06-12,2026-09-14,2026-09-14T01:12:54Z,42.486806,-76.470601,109
162263,ITHACA VISITORS COLLEGE CIRCLE,College Cir,Ithaca,14850,E,public,,,,ChargePoint Network,0,2,0,2,['J1772'],,False,2020-06-12,2026-09-14,2026-09-14T01:11:35Z,42.411718,-76.500837,109
162290,HOLT1 HOLT,671-699 W State St,Ithaca,14850,E,public,,,,ChargePoint Network,0,2,0,2,['J1772'],,False,2020-06-12,2026-09-14,2026-09-14T01:09:42Z,42.439069,-76.510104,109
162296,CITY OF ITHACA DRYDEN,118 Dryden Rd,Ithaca,14850,E,public,,,,ChargePoint Network,0,2,0,2,['J1772'],,False,2020-06-12,2026-09-14,2026-09-14T01:09:37Z,42.442142,-76.486112,109
162304,INHS 210 HANCOCK,423 1st St,Ithaca,14850,E,public,,,,ChargePoint Network,0,2,0,2,['J1772'],,False,2020-06-12,2026-09-14,2026-09-14T01:09:32Z,42.448275,-76.503354,109
162307,CITY OF ITHACA SENECA STREET,202 NY-79,Ithaca,14850,E,public,,,,ChargePoint Network,0,2,0,2,['J1772'],,False,2020-06-12,2026-09-14,2026-09-14T01:09:31Z,42.440479,-76.495856,109
162315,ITHACA VISITORS ITHACA COLLEGE,Conservatory Dr,Ithaca,14850,E,public,,,,ChargePoint Network,0,2,0,2,['J1772'],,False,2020-06-12,2026-09-14,2026-09-14T01:08:59Z,42.420935,-76.500084,109
162323,CAYUGA STATION ALL PRO GARAGE,235 S Cayuga St,Ithaca,14850,E,public,,,,ChargePoint Network,0,2,0,2,['J1772'],,False,2020-06-12,2026-09-14,2026-09-14T01:08:55Z,42.437359,-76.498744,109
162327,ULYSSES TOWN ULYSSES,10 Elm St,Trumansburg,14886,E,public,,,,ChargePoint Network,0,2,0,2,['J1772'],,False,2020-06-12,2026-09-14,2026-09-14T01:08:44Z,42.541251,-76.661435,109
164859,DRYDEN STATION 1,93 E Main St,Dryden,13053,E,public,,,,ChargePoint Network,0,2,0,2,['J1772'],,False,2020-08-06,2026-09-14,2026-09-14T01:33:15Z,42.49164,-76.28683,109
165558,CCE TOMPKINS STATION ONE,615 Willow Ave,Ithaca,14850,E,public,,,,ChargePoint Network,0,2,0,2,['J1772'],,False,2020-08-27,2026-09-14,2026-09-14T01:34:07Z,42.450688,-76.503433,109
168427,Village of Dryden,16 South St,Dryden,13053,E,private,CREDIT_CARD_ALWAYS,MUNI_GOV,LG,EV Connect,0,2,0,2,['J1772'],,False,2020-10-02,2020-12-03,2021-03-11T23:22:17Z,42.484968,-76.29677,109
168458,Tompkins-Seneca-Tioga BOCES,555 Warren Rd,Ithaca,14850,E,private,CREDIT_CARD_ALWAYS,SCHOOL,P,EV Connect,0,4,0,4,['J1772'],,True,2020-08-27,2020-12-03,2021-03-11T23:22:17Z,42.475787,-76.46425,109
182683,SCIENCENTER SCIENCENTER,601 1st St,Ithaca,14850,E,public,,,,ChargePoint Network,0,2,0,2,['J1772'],,False,2021-01-27,2026-09-14,2026-09-14T01:09:01Z,42.449965,-76.504087,109
186535,CAYUGA MED CTR. CAYUGA MEDICAL,101 Dates Dr,Ithaca,14850,E,public,,,,ChargePoint Network,0,2,0,2,['J1772'],,False,2021-03-24,2026-09-14,2026-09-14T01:26:14Z,42.468963,-76.538457,109
191606,THE MEADOWS STATION 01,100 Graham Rd,Ithaca,14850,E,public,,,,ChargePoint Network,0,2,0,2,['J1772'],,False,2021-06-30,2026-09-14,2026-09-14T01:31:33Z,42.484493,-76.482096,109
226519,BJ'S Wholesale Shopping Club,40 Graham Rd W,Ithaca,14850,E,public,CREDIT_CARD_ALWAYS,PARKING_LOT,P,Non-Networked,0,2,0,2,['J1772'],,False,2022-08-25,2024-04-14,2025-02-12T00:16:32Z,42.4860997947594,-76.4927860720635,109
226520,The Dorm Hotel,518 Stewart Ave,Ithaca,14850,E,public,CREDIT_CARD_ALWAYS,HOTEL,P,Non-Networked,0,1,0,1,['J1772'],Free,False,2022-08-25,2024-04-14,2025-02-12T00:16:32Z,42.444235929905,-76.489961683489,109
226521,Maguire Honda of Ithaca,315 Elmira Rd,Ithaca,14850,E,public,CREDIT_CARD_ALWAYS,CAR_DEALER,P,Non-Networked,0,1,0,1,['J1772'],Free,False,2022-08-25,2024-05-09,2025-02-12T00:16:32Z,42.4263952006438,-76.5091665942317,109
226539,Inn at Taughannock Falls - Tesla Destination,2030 Gorge Rd,Trumansburg,14886,E,public,,HOTEL,P,Tesla Destination,0,2,0,2,['TESLA'],Free,False,2021-06-22,2026-08-27,2026-08-27T18:11:53Z,42.54467,-76.59838,109
227121,CORNELL STATION4,106 Statler Dr,Ithaca,14853,E,public,,,,ChargePoint Network,0,2,0,2,['J1772'],,False,2022-09-03,2026-09-14,2026-09-14T01:13:23Z,42.445481,-76.481133,109
229267,CORNELL STATION6,106 Statler Dr,Ithaca,14853,E,public,,,,ChargePoint Network,0,2,0,2,['J1772'],,False,2022-09-27,2026-09-14,2026-09-14T01:10:21Z,42.445495,-76.481261,109
229268,CORNELL STATION2,37 Forest Home Dr,Ithaca,14850,E,public,,,,ChargePoint Network,0,2,0,2,['J1772'],,False,2022-09-27,2026-09-14,2026-09-14T01:19:46Z,42.450492,-76.478532,109
229269,CORNELL STATION1,37 Forest Home Dr,Ithaca,14850,E,public,,,,ChargePoint Network,0,2,0,2,['J1772'],,False,2022-09-27,2026-09-14,2026-09-14T01:19:46Z,42.45049,-76.478483,109
229400,CORNELL STATION3,176 Hoy Rd,Ithaca,14853,E,public,,,,ChargePoint Network,0,2,0,2,['J1772'],,False,2022-09-28,2026-09-14,2026-09-14T01:19:45Z,42.44345,-76.47946,109
229476,CORNELL STATION5,37 Forest Home Dr,Ithaca,14850,E,public,,,,ChargePoint Network,0,2,0,2,['J1772'],,False,2022-09-29,2026-09-14,2026-09-14T01:10:38Z,42.450493,-76.478561,109
230851,Village of Dryden,16 South Street,Dryden,13053,E,public,,,,EV Connect,0,2,0,2,['J1772'],,False,2022-09-30,2026-09-14,2026-09-14T03:50:03Z,42.489514,-76.298039,109
256948,MAGUIRE IMPORTS VOLKS CLIENT,370 Elmira Rd,Ithaca,14850,E,public,,,,ChargePoint Network,0,2,0,2,['J1772'],,False,2023-03-24,2026-09-14,2026-09-14T00:54:05Z,42.422426,-76.517437,109
302246,CORNELL CORNELLSTATION7,176 Hoy Rd,Ithaca,14853,E,public,,,,ChargePoint Network,0,2,0,2,['J1772'],,False,2023-07-08,2026-09-14,2026-09-14T02:21:22Z,42.44345,-76.479503,109
303228,Swtch Energy,118 Freeville Rd,Dryden,13053,E,private,,SCHOOL,P,SWTCH,0,2,0,2,['J1772'],$0.30 per kWh,False,2023-03-31,2023-08-10,2024-01-31T22:07:01Z,42.5009053,-76.3104891,109
311780,ITHACAN B,210 E Green St,Ithaca,14850,E,public,,,,ChargePoint Network,0,2,0,2,['J1772'],,False,2023-09-28,2026-09-14,2026-09-14T02:25:27Z,42.438897,-76.496044,109
311781,ITHACAN A,210 E Green St,Ithaca,14850,E,public,,,,ChargePoint Network,0,2,0,2,['J1772'],,False,2023-09-28,2026-09-14,2026-09-14T02:25:27Z,42.438936,-76.495936,109
311782,ITHACAN C,210 E Green St,Ithaca,14850,E,public,,,,ChargePoint Network,0,2,0,2,['J1772'],,False,2023-09-28,2026-09-14,2026-09-14T02:25:27Z,42.438944,-76.496065,109
311783,ITHACAN D,210 E Green St,Ithaca,14850,E,public,,,,ChargePoint Network,0,2,0,2,['J1772'],,False,2023-09-28,2026-09-14,2026-09-14T02:25:27Z,42.438936,-76.495958,109
324859,Spruce Row Campground & RV Park,2271 Kraft Road,Ithaca,14850,E,public,,,,VIALYNK,0,4,0,4,['J1772'],,False,2023-10-03,2026-09-14,2026-09-14T04:42:29Z,42.51626,-76.58712,109
326300,CORNELL STATION10,Ellis Hollow Road,East Ithaca,14850,E,public,,,,ChargePoint Network,0,2,0,2,['J1772'],,False,2024-01-23,2026-09-14,2026-09-14T02:26:53Z,42.436479,-76.454523,109
326305,CORNELL STATION11,Ellis Hollow Road,East Ithaca,14850,E,public,,,,ChargePoint Network,0,2,0,2,['J1772'],,False,2024-01-23,2026-09-14,2026-09-14T02:29:23Z,42.436257,-76.454587,109
326306,CORNELL STATION12,Ellis Hollow Road,East Ithaca,14850,E,public,,,,ChargePoint Network,0,2,0,2,['J1772'],,False,2024-01-23,2026-09-14,2026-09-14T02:29:23Z,42.436194,-76.454501,109
326447,CORNELL STATION8,527 College Ave,Ithaca,14853,E,public,,,,ChargePoint Network,0,2,0,2,['J1772'],,False,2024-01-24,2026-09-14,2026-09-14T02:29:41Z,42.443906,-76.484429,109
326448,CORNELL STATION9,527 College Ave,Ithaca,14853,E,public,,,,ChargePoint Network,0,2,0,2,['J1772'],,False,2024-01-24,2026-09-14,2026-09-14T02:29:42Z,42.443926,-76.484361,109
333805,Holiday Inn Express Ithaca,371 Elmira Rd,Ithaca,14850,E,public,,,,EVGATEWAY,0,4,8,12,"['J1772', 'J1772COMBO']",,False,2023-12-22,2026-09-14,2026-09-14T04:53:06Z,42.4212506,-76.5176113,109
333826,Ithaca Bakery,400 N Meadow St,Ithaca,14850,E,public,,,,CHARGESMART_EV,0,6,0,6,['J1772'],,False,2023-01-19,2026-09-14,2026-09-14T04:47:34Z,42.443048,-76.509132,109
334127,Kendal at Ithaca 3,2230 N Triphammer Rd,Ithaca,14850,E,public,,,,CHARGESMART_EV,0,2,0,2,['J1772'],,False,2023-01-20,2026-09-14,2026-09-14T04:47:35Z,42.47396,-76.487761,109
334240,Rodeway Inn & Suites,654 Elmira Rd,Ithaca,14850,E,public,,,,CHARGESMART_EV,0,4,0,4,['J1772'],,False,2023-10-10,2026-09-14,2026-09-14T04:47:34Z,42.409888,-76.540448,109
341691,SWTCH Energy Inc.,122 Summerhill Dr,Ithaca,14850,E,public,,MULTI_UNIT_DWELLING,P,SWTCH,0,4,0,4,['J1772'],Free,False,2024-04-04,,2024-05-08T15:49:07Z,42.4366495,-76.4603251,109
341704,SWTCH Energy Inc.,503 Summerhill Dr,Ithaca,14850,E,public,,MULTI_UNIT_DWELLING,P,SWTCH,0,4,0,4,['J1772'],$1.25 per hour,False,2024-04-03,,2024-05-08T15:49:07Z,42.4386078,-76.4604964,109
341740,SWTCH Energy Inc.,100 Whig St,Trumansburg,14886,E,public,,MULTI_UNIT_DWELLING,P,SWTCH,0,2,0,2,['J1772'],Free,False,2024-04-03,,2024-05-08T15:49:07Z,42.53820038,-76.6536026,109
341778,SWTCH Energy Inc.,118 Freeville Rd,Dryden,13053,E,public,,PARKING_LOT,P,SWTCH,0,2,0,2,['J1772'],$0.9 per hour,False,2024-03-14,,2024-05-08T15:49:07Z,42.50059891,-76.31109619,109
347356,Kendal at Ithaca 2 (North Lot),2230 N Triphammer Rd,Ithaca,14850,E,public,,,,CHARGESMART_EV,0,4,0,4,['J1772'],,False,2024-06-04,2026-09-14,2026-09-14T04:47:35Z,42.476456,-76.486232,109
347357,Kendal at Ithaca 1 (South Lot),2230 N Triphammer Rd,Ithaca,14850,E,public,,,,CHARGESMART_EV,0,4,0,4,['J1772'],,False,2024-06-04,2026-09-14,2026-09-14T04:47:35Z,42.474763,-76.484843,109
347365,Best Western University Inn,1020 Ellis Hollow Rd,Ithaca,14850,E,public,,,,CHARGESMART_EV,0,8,0,8,['J1772'],,False,2024-06-04,2026-09-14,2026-09-14T04:47:39Z,42.438648,-76.461843,109
347945,Fairview Apartments East,100 Fairview Square,Ithaca,14850,E,public,,,,VIALYNK,0,12,0,12,['J1772'],,False,2024-06-14,2026-09-14,2026-09-14T04:44:06Z,42.43999,-76.47591,109
347946,Fairview Apartments West,100 Fairview Square,Ithaca,14850,E,public,,,,VIALYNK,0,8,0,8,['J1772'],,False,2024-06-14,2026-09-14,2026-09-14T04:44:07Z,42.43996,-76.47615,109
350529,GREENSTARCOOPER GREENSTAR 1,770 Cascadilla St,Ithaca,14850,E,public,,,,ChargePoint Network,0,2,0,2,['J1772'],,False,2024-07-13,2026-09-14,2026-09-14T02:38:20Z,42.44546,-76.509693,109
360737,Ithaca College - Farm Pond Road - North Row,953 Danby Rd,Ithaca,14850,E,public,,,,VIALYNK,0,12,0,12,['J1772'],,False,2024-10-25,2026-09-14,2026-09-14T04:44:29Z,42.42764,-76.49572,109
360738,Ithaca College -  Terrace Hall,953 Danby Rd,Ithaca,14850,E,public,,,,VIALYNK,0,2,0,2,['J1772'],,False,2024-10-25,2026-09-14,2026-09-14T04:44:29Z,42.41721,-76.49812,109
360739,Ithaca College - Farm Pond Road - South Row,953 Danby Rd,Ithaca,14850,E,public,,,,VIALYNK,0,14,0,14,['J1772'],,False,2024-10-25,2026-09-14,2026-09-14T04:44:30Z,42.42748,-76.49593,109
372446,GREENSTARCOOPER GREENSTAR 2,770 Cascadilla Street,Ithaca,14850,E,public,,,,ChargePoint Network,0,2,0,2,['J1772'],,False,2024-12-05,2026-09-14,2026-09-14T02:45:57Z,42.445188,-76.51025,109
376246,Northside Apartments Site 1,308 3rd Street,Ithaca,14850,E,public,,,,VIALYNK,0,2,0,2,['J1772'],,False,2025-01-24,2026-09-14,2026-09-14T04:44:39Z,42.44545,-76.5061,109
376247,Northside Apartments Site 2,523 Hancock Street,Ithaca,14580,E,public,,,,VIALYNK,0,2,0,2,['J1772'],,False,2025-01-24,2026-09-14,2026-09-14T04:44:39Z,42.44545,-76.50603,109
384284,INHS VILLAGE GROVE 6,15 crescent way,Trumansburg,14886,E,public,,,,ChargePoint Network,0,1,0,1,['J1772'],,False,2025-02-14,2026-09-14,2026-09-14T02:47:32Z,42.535956,-76.66129,109
384285,INHS VILLAGE GROVE 3,15 crescent way,Trumansburg,14886,E,public,,,,ChargePoint Network,0,1,0,1,['J1772'],,False,2025-02-14,2026-09-14,2026-09-14T02:47:32Z,42.535956,-76.66129,109
384286,INHS VILLAGE GROVE 2,15 crescent way,Trumansburg,14886,E,public,,,,ChargePoint Network,0,1,0,1,['J1772'],,False,2025-02-14,2026-09-14,2026-09-14T02:47:33Z,42.535956,-76.66129,109
384287,INHS VILLAGE GROVE 5,15 cresent way,Trumansburg,14886,E,public,,,,ChargePoint Network,0,1,0,1,['J1772'],,False,2025-02-14,2026-09-14,2026-09-14T02:47:34Z,42.535956,-76.66129,109
384288,INHS VILLAGE GROVE 4,15 crescent way,Trumansburg,14886,E,public,,,,ChargePoint Network,0,1,0,1,['J1772'],,False,2025-02-14,2026-09-14,2026-09-14T02:47:34Z,42.535956,-76.66129,109
384289,INHS VILLAGE GROVE 1,15 crescent way,Trumansburg,14886,E,public,,,,ChargePoint Network,0,1,0,1,['J1772'],,False,2025-02-14,2026-09-14,2026-09-14T02:47:35Z,42.535956,-76.66129,109
398514,Ithaca College - Athletic Center,953 Danby Rd,Ithaca,14850,E,public,,,,VIALYNK,0,0,4,4,['J1772COMBO'],,False,2025-06-18,2026-09-14,2026-09-14T04:44:45Z,42.4218,-76.48974,109
420749,ORLY ITHACA 1,710 S Meadow St,Ithaca,14850,E,public,,,,ChargePoint Network,0,1,0,1,['J1772'],,False,2025-08-23,2026-09-14,2026-09-14T02:57:26Z,42.43202,-76.510345,109
420750,ORLY ITHACA 3,710 S Meadow St,Ithaca,14850,E,public,,,,ChargePoint Network,0,1,0,1,['J1772'],,False,2025-08-23,2026-09-14,2026-09-14T02:57:26Z,42.43202,-76.510345,109
429747,Chrysler L2s,318 Elmira Rd.,Ithaca,14850,E,public,,,,FLIPTURN,0,2,0,2,['J1772'],,False,2025-10-10,2026-09-14,2026-09-14T05:28:35Z,42.427557,-76.510253,109
439836,Springwater Inn,1083 Dryden Rd,Ithaca,14850,E,public,,,,CHARGESMART_EV,0,4,0,4,['J1772'],,False,2025-11-06,2026-09-14,2026-09-14T04:48:35Z,42.459389,-76.428212,109
440986,Chrysler L3s,318 Elmira Rd.,Ithaca,14850,E,public,,,,FLIPTURN,0,0,2,2,['J1772COMBO'],,False,2025-11-12,2026-09-14,2026-09-14T05:28:31Z,42.427557,-76.510253,109
447078,Village Hall,9 Elm St,Trumansburg,14886,E,public,,MUNI_GOV,LG,AUTEL,0,2,2,4,"['J1772', 'J1772COMBO']",$0.45 per kWh,False,2025-09-12,,2026-01-14T16:55:25Z,42.54118,-76.66079,109
449494,Parking Lot DCFC,1 Corey Street,Trumansburg,14886,E,public,,REC_SPORTS_FACILITY,,EVOKE,0,0,2,2,['J1772COMBO'],,False,2025-09-11,2026-09-14,2026-09-14T05:45:02Z,42.5422159,-76.6663553,109
452497,308 Main Street,308 Main Street,Groton,13073,E,public,,,,SYNERGEV,0,2,0,2,['J1772'],,False,2026-03-04,2026-09-14,2026-09-14T05:36:49Z,42.585743,-76.366351,109
455979,Honda L2's,315 Elmira Road,Ithaca,14850,E,public,,,,FLIPTURN,0,1,0,1,['J1772'],,False,2026-03-20,2026-09-14,2026-09-14T05:28:33Z,42.426586,-76.509697,109
455980,Imports L2s,370 Elmira Road,Ithaca,14850,E,public,,,,FLIPTURN,0,1,0,1,['J1772'],,False,2026-03-20,2026-09-14,2026-09-14T05:28:33Z,42.422621,-76.518203,109
455981,Chevrolet Cadillac L3s,35 Cinema Drive,Ithaca,14850,E,public,,,,FLIPTURN,0,0,3,3,['J1772COMBO'],,False,2026-03-20,2026-09-14,2026-09-14T05:28:33Z,42.480627,-76.47778,109
455982,Ford Ithaca L3s,504 S Meadow St,Ithaca,14850,E,public,,,,FLIPTURN,0,0,4,4,['J1772COMBO'],,False,2026-03-20,2026-09-14,2026-09-14T05:28:31Z,42.434927,-76.508808,109
455983,Ford Ithaca L2s,504 S Meadow St,Ithaca,14850,E,public,,,,FLIPTURN,0,4,0,4,['J1772'],,False,2026-03-20,2026-09-14,2026-09-14T05:28:34Z,42.434927,-76.508808,109
455985,Chevy of Trumansburg L3's,"2073 State Route 96,",Trumansburg,14886,E,public,,,,FLIPTURN,0,0,2,2,['J1772COMBO'],,False,2026-03-20,2026-09-14,2026-09-14T05:28:36Z,42.532736,-76.638575,109
456594,HOUSE OF ALPHA STATION 1,105 Westbourne Ln,Ithaca,14850,E,public,,,,ChargePoint Network,0,2,0,2,['J1772'],,False,2026-03-29,2026-09-14,2026-09-14T03:00:51Z,42.456022,-76.486553,109
456595,HOUSE OF ALPHA STATION 2,105 Westbourne Ln,Ithaca,14850,E,public,,,,ChargePoint Network,0,2,0,2,['J1772'],,False,2026-03-29,2026-09-14,2026-09-14T03:00:52Z,42.456053,-76.486703,109
458593,ORLY ITHACA 2,710 S Meadow St,Ithaca,14850,E,public,,,,ChargePoint Network,0,1,0,1,['J1772'],,False,2026-05-02,2026-09-14,2026-09-14T02:57:26Z,42.43202,-76.510345,109
458594,ORLY ITHACA 4,710 S Meadow St,Ithaca,14850,E,public,,,,ChargePoint Network,0,1,0,1,['J1772'],,False,2026-05-02,2026-09-14,2026-09-14T02:57:26Z,42.43202,-76.510345,109
459357,Parking Lot DCFC,56 East Main Street,Trumansburg,14886,E,public,,MUNI_GOV,,EVOKE,0,0,2,2,['J1772COMBO'],,False,2025-09-11,2026-09-14,2026-09-14T05:45:02Z,42.5411713,-76.660174,109
460294,FERGUSON ELEC AURORA 2,301 Cayuga Park Ln,Ithaca,14850,E,public,,,,ChargePoint Network,0,2,0,2,['J1772'],,False,2026-05-29,2026-09-14,2026-09-14T03:14:31Z,42.446511,-76.509263,109
460295,FERGUSON ELEC AURORA 5,301 Cayuga Park Ln,Ithaca,14850,E,public,,,,ChargePoint Network,0,2,0,2,['J1772'],,False,2026-05-29,2026-09-14,2026-09-14T03:14:31Z,42.446534,-76.509279,109
460296,FERGUSON ELEC AURORA 4,301 Cayuga Park Ln,Ithaca,14850,E,public,,,,ChargePoint Network,0,2,0,2,['J1772'],,False,2026-05-29,2026-09-14,2026-09-14T03:14:31Z,42.446515,-76.509258,109
460298,FERGUSON ELEC AURORA 1,301 Cayuga Park Lane,Ithaca,14850,E,public,,,,ChargePoint Network,0,2,0,2,['J1772'],,False,2026-05-29,2026-09-14,2026-09-14T03:14:44Z,42.447365,-76.508622,109
460299,FERGUSON ELEC AURORA 6,301 Cayuga Park Lane,Ithaca,14850,E,public,,,,ChargePoint Network,0,2,0,2,['J1772'],,False,2026-05-29,2026-09-14,2026-09-14T03:14:44Z,42.447245,-76.508642,109
460300,FERGUSON ELEC AURORA 3,301 Cayuga Park Lane,Ithaca,14850,T,public,,,,ChargePoint Network,0,2,0,2,['J1772'],,False,2026-05-29,2026-09-14,2026-09-14T03:14:44Z,42.447212,-76.508326,109
462029,GT-Dryden Mutual Insurance,12 Ellis Dr,Dryden,13053,E,public,,OFFICE_BLDG,P,QUICKCHARGE,0,6,0,6,['J1772'],,False,2024-10-11,2026-07-15,2026-07-15T18:46:47Z,42.5002,-76.29989,109
463625,Ithaca Ford,504  S. Meadow St. Ithaca,Ithaca,14850,E,public,,,,EV Connect,0,0,2,2,"['J1772COMBO', 'TESLA']",,False,2026-07-14,2026-09-14,2026-09-14T03:54:47Z,42.434992,-76.508718,109
467971,Parking Lot,56 East Main Street,Trumansburg,14886,E,public,,MUNI_GOV,,EVOKE,0,2,0,2,['J1772'],,False,2025-09-11,2026-09-14,2026-09-14T05:45:02Z,42.5411713,-76.660174,109
467972,Parking Lot,1 Corey Street,Trumansburg,14886,E,public,,REC_SPORTS_FACILITY,,EVOKE,0,2,0,2,['J1772'],,False,2025-09-11,2026-09-14,2026-09-14T05:45:02Z,42.5422159,-76.6663553,109
468044,Parking Lot,957 Mitchell Street,Ithaca,14850,E,public,,,,EVOKE,0,2,0,2,['J1772'],,False,2026-08-06,2026-09-14,2026-09-14T05:45:20Z,42.436448,-76.4654649,109
