zcta,county,pop_part,land_part_m2,pop_share_of_zcta,ny_share_of_zcta_land
06390,36103,800.1,10480878.0,1.0,1.0
10001,36061,28267.9,1615692.0,1.0,1.0
10002,36061,72202.0,2129728.0,1.0,1.0
10003,36061,55794.1,1480445.0,1.0,1.0
10004,36061,3304.2,1179938.0,1.0,1.0
10005,36061,6710.2,188727.0,1.0,1.0
10006,36061,3999.4,250630.0,1.0,1.0
10007,36061,9128.6,414129.0,1.0,1.0
10009,36061,59897.9,1597304.0,1.0,1.0
10010,36061,30235.6,955081.0,1.0,1.0
10011,36061,47028.1,1677161.0,1.0,1.0
10012,36061,20867.6,839030.0,1.0,1.0
10013,36061,25201.0,1409917.0,1.0,1.0
10014,36061,27714.4,1255850.0,1.0,1.0
10016,36061,49900.5,1423936.0,1.0,1.0
10017,36061,17090.9,771547.0,1.0,1.0
10018,36061,11642.6,891039.0,1.0,1.0
10019,36061,45262.2,1706504.0,1.0,1.0
10020,36061,420.9,46754.0,1.0,1.0
10021,36061,38166.9,923484.0,1.0,1.0
10022,36061,35848.1,1148424.0,1.0,1.0
10023,36061,64189.9,2510429.0,1.0,1.0
10024,36061,63085.0,2292582.0,1.0,1.0
10025,36061,92267.5,2302133.0,1.0,1.0
10026,36061,36116.2,992725.0,1.0,1.0
10027,36061,66908.9,2440914.0,1.0,1.0
10028,36061,44716.3,819923.0,1.0,1.0
10029,36061,80231.0,2987117.0,1.0,1.0
10030,36061,29530.0,718112.0,1.0,1.0
10031,36061,56810.8,1733068.0,1.0,1.0
10032,36061,60245.6,1742138.0,1.0,1.0
10033,36061,50518.4,1544802.0,1.0,1.0
10034,36061,39986.3,2648152.0,1.0,1.0
10035,36061,35981.6,3638045.0,1.0,1.0
10036,36061,26192.2,1158340.0,1.0,1.0
10037,36061,17236.0,602984.0,1.0,1.0
10038,36061,22351.6,747572.0,1.0,1.0
10039,36061,32898.2,774862.0,1.0,1.0
10040,36061,40237.9,1468523.0,1.0,1.0
10044,36061,11520.0,595879.0,1.0,1.0
10065,36061,28765.4,1085419.0,1.0,1.0
10069,36061,5056.8,106197.0,1.0,1.0
10075,36061,26360.5,489565.0,1.0,1.0
10103,36061,151.3,24776.0,1.0,1.0
10110,36061,85.3,26711.0,1.0,1.0
10111,36061,151.3,24769.0,1.0,1.0
10112,36061,151.9,24865.0,1.0,1.0
10115,36061,130.2,6618.0,1.0,1.0
10119,36061,699.6,65943.0,1.0,1.0
10128,36061,58127.9,1173140.0,1.0,1.0
10152,36061,116.3,12423.0,1.0,1.0
10153,36061,81.6,12281.0,1.0,1.0
10154,36061,115.9,12382.0,1.0,1.0
10162,36061,1738.4,33146.0,1.0,1.0
10165,36061,261.3,13058.0,1.0,1.0
10167,36061,87.3,12396.0,1.0,1.0
10168,36061,407.1,13211.0,1.0,1.0
10169,36061,38.0,5396.0,1.0,1.0
10170,36061,175.4,24921.0,1.0,1.0
10171,36061,87.8,12470.0,1.0,1.0
10172,36061,87.4,12415.0,1.0,1.0
10173,36061,5.6,12297.0,1.0,1.0
10174,36061,93.1,13224.0,1.0,1.0
10177,36061,2.5,5421.0,1.0,1.0
10199,36061,1469.0,65414.0,1.0,1.0
10271,36061,244.5,6779.0,1.0,1.0
10278,36061,506.4,35671.0,1.0,1.0
10279,36061,338.9,10805.0,1.0,1.0
10280,36061,10886.3,276532.0,1.0,1.0
10282,36061,4220.9,177847.0,1.0,1.0
10301,36085,42790.7,9732406.0,1.0,1.0
10302,36085,19371.1,3090433.0,1.0,1.0
10303,36085,26737.6,8208234.0,1.0,1.0
10304,36085,43607.7,9041054.0,1.0,1.0
10305,36085,43529.9,10411102.0,1.0,1.0
10306,36085,56075.5,18722812.0,1.0,1.0
10307,36085,12011.3,4179217.0,1.0,1.0
10308,36085,28859.8,5660015.0,1.0,1.0
10309,36085,37009.0,18787995.0,1.0,1.0
10310,36085,25341.8,4668227.0,1.0,1.0
10311,36085,337.7,121555.0,1.0,1.0
10312,36085,66373.6,17797576.0,1.0,1.0
10314,36085,92387.1,33661749.0,1.0,1.0
10451,36005,50586.8,2735533.0,1.0,1.0
10452,36005,76996.6,2543928.0,1.0,1.0
10453,36005,77514.2,2334210.0,1.0,1.0
10454,36005,40300.0,2745548.0,1.0,1.0
10455,36005,43278.6,1816370.0,1.0,1.0
10456,36005,89152.4,2787861.0,1.0,1.0
10457,36005,77122.4,3415414.0,1.0,1.0
10458,36005,75556.0,3162261.0,1.0,1.0
10459,36005,51686.8,2154070.0,1.0,1.0
10460,36005,57544.8,3881496.0,1.0,1.0
10461,36005,52356.8,6185365.0,1.0,1.0
10462,36005,74663.0,3878508.0,1.0,1.0
10463,36005,55878.9,6827084.0,0.845,1.0
10463,36061,10253.0,302756.0,0.155,1.0
10464,36005,4350.7,7908514.0,1.0,1.0
10465,36005,47473.5,10153865.0,1.0,1.0
10466,36005,71009.2,5218976.0,1.0,1.0
10467,36005,95464.5,6036068.0,1.0,1.0
10468,36005,70976.4,2709578.0,1.0,1.0
10469,36005,68069.1,6282642.0,1.0,1.0
10470,36005,16187.7,3647435.0,0.9687,1.0
10470,36119,523.2,71256.0,0.0313,1.0
10471,36005,29204.8,4436899.0,1.0,1.0
10472,36005,64937.4,2790929.0,1.0,1.0
10473,36005,57708.2,5537168.0,1.0,1.0
10474,36005,10943.2,3973116.0,1.0,1.0
10475,36005,42152.3,3218509.0,1.0,1.0
10501,36119,995.5,4123875.0,1.0,1.0
10502,36119,6577.7,5397234.0,1.0,1.0
10503,36119,34.8,38497.0,1.0,1.0
10504,36119,7443.9,41781352.0,1.0,1.0
10505,36119,883.7,2007327.0,1.0,1.0
10506,36119,5287.4,43080639.0,1.0,1.0
10507,36119,5600.0,19239414.0,1.0,1.0
10509,36079,19421.7,93348618.0,0.9996,1.0
10509,36119,8.0,85723.0,0.0004,1.0
10510,36119,10638.6,26167168.0,1.0,1.0
10511,36119,2438.2,3894002.0,1.0,1.0
10512,36079,24160.5,135051372.0,0.9995,1.0
10512,36027,11.4,102616.0,0.0005,1.0
10514,36119,9835.6,32952964.0,1.0,1.0
10516,36079,5971.1,81500615.0,1.0,1.0
10517,36119,466.4,911166.0,1.0,1.0
10518,36119,1458.7,9866163.0,1.0,1.0
10519,36119,136.6,647231.0,1.0,1.0
10520,36119,14098.9,37423358.0,1.0,1.0
10522,36119,11520.2,6328659.0,1.0,1.0
10523,36119,8410.6,9442168.0,1.0,1.0
10524,36079,4606.1,53966127.0,1.0,1.0
10526,36119,1776.6,9189313.0,1.0,1.0
10527,36119,1570.7,5786727.0,1.0,1.0
10528,36119,13397.7,9787224.0,1.0,1.0
10530,36119,12578.9,10138211.0,1.0,1.0
10532,36119,5646.7,6059316.0,1.0,1.0
10533,36119,7742.6,9209214.0,1.0,1.0
10535,36119,755.9,1178155.0,1.0,1.0
10536,36119,11876.5,68937559.0,1.0,1.0
10537,36079,707.1,2211489.0,0.5849,1.0
10537,36119,501.8,566954.0,0.4151,1.0
10538,36119,16851.0,9101194.0,1.0,1.0
10540,36119,715.0,1394970.0,1.0,1.0
10541,36079,23119.1,61604176.0,0.9459,1.0
10541,36119,1321.4,2537714.0,0.0541,1.0
10542,36079,22.7,76374.0,1.0,1.0
10543,36119,22061.3,11093308.0,1.0,1.0
10545,36119,235.9,323894.0,1.0,1.0
10546,36119,825.9,3122927.0,1.0,1.0
10547,36119,7780.1,12686484.0,1.0,1.0
10548,36119,3710.2,5339864.0,1.0,1.0
10549,36119,19517.1,49451202.0,1.0,1.0
10550,36119,38633.5,5148364.0,0.9995,1.0
10550,36005,17.9,1087.0,0.0005,1.0
10552,36119,20931.9,4274378.0,1.0,1.0
10553,36119,12302.5,1807942.0,1.0,1.0
10560,36119,5040.1,54139930.0,1.0,1.0
10562,36119,34735.9,34999316.0,1.0,1.0
10566,36119,25610.1,11245243.0,1.0,1.0
10567,36119,18975.9,58316435.0,1.0,1.0
10570,36119,11879.2,18441825.0,1.0,1.0
10573,36119,40138.3,14162379.0,1.0,1.0
10576,36119,5256.5,58025007.0,1.0,1.0
10577,36119,6582.4,17172662.0,1.0,1.0
10578,36119,698.6,4557576.0,1.0,1.0
10579,36079,10453.0,89927225.0,1.0,1.0
10580,36119,18246.4,21633637.0,1.0,1.0
10583,36119,40983.4,32186058.0,1.0,1.0
10588,36119,2308.3,4092179.0,0.9969,1.0
10588,36079,7.1,118195.0,0.0031,1.0
10589,36119,7235.0,17825867.0,1.0,1.0
10590,36119,5826.3,34506753.0,1.0,1.0
10591,36119,25798.7,24360182.0,1.0,1.0
10594,36119,5515.6,6680322.0,1.0,1.0
10595,36119,7493.3,13778011.0,1.0,1.0
10596,36119,1237.3,1542555.0,1.0,1.0
10597,36119,1247.8,8494671.0,1.0,1.0
10598,36119,26439.5,65435104.0,1.0,1.0
10601,36119,11440.6,1672300.0,1.0,1.0
10603,36119,16497.3,8725223.0,1.0,1.0
10604,36119,14987.2,17487112.0,1.0,1.0
10605,36119,18647.9,13910950.0,1.0,1.0
10606,36119,17187.6,3843643.0,1.0,1.0
10607,36119,7956.1,5544989.0,1.0,1.0
10701,36119,69437.5,11341985.0,1.0,1.0
10703,36119,20493.4,4070489.0,1.0,1.0
10704,36119,30664.8,6913768.0,1.0,1.0
10705,36119,42458.6,5732991.0,1.0,1.0
10706,36119,9521.5,6897699.0,1.0,1.0
10707,36119,10309.2,3288551.0,1.0,1.0
10708,36119,23061.3,7597173.0,1.0,1.0
10709,36119,8629.2,4028082.0,1.0,1.0
10710,36119,26057.5,11921274.0,1.0,1.0
10801,36119,42940.8,8870666.0,1.0,1.0
10803,36119,13086.0,5681551.0,0.984,1.0
10803,36005,212.4,48427.0,0.016,1.0
10804,36119,16973.6,11079287.0,1.0,1.0
10805,36119,19212.7,4431239.0,1.0,1.0
10901,36087,26817.5,60975142.0,1.0,1.0
10910,36071,173.3,5612762.0,1.0,1.0
10911,36087,202.6,2407734.0,1.0,1.0
10913,36087,5772.6,10743783.0,1.0,1.0
10914,36071,1112.8,6415093.0,1.0,1.0
10915,36071,15.2,201778.0,1.0,1.0
10916,36071,4557.6,60825105.0,1.0,1.0
10917,36071,948.5,12476047.0,1.0,1.0
10918,36071,13974.8,84556927.0,1.0,1.0
10919,36071,624.5,9765356.0,1.0,1.0
10920,36087,7332.8,11556168.0,1.0,1.0
10921,36071,2451.0,21382374.0,1.0,1.0
10922,36071,1021.2,5366162.0,1.0,1.0
10923,36087,7068.2,5199547.0,1.0,1.0
10924,36071,13488.8,103809839.0,1.0,1.0
10925,36071,2603.7,23748329.0,1.0,1.0
10926,36071,4526.9,44981246.0,1.0,1.0
10927,36087,12325.0,5135771.0,1.0,1.0
10928,36071,5800.8,21654496.0,1.0,1.0
10930,36071,7314.2,41530336.0,1.0,1.0
10931,36087,1333.4,6419454.0,1.0,1.0
10932,36071,31.2,401452.0,1.0,1.0
10933,36071,240.8,3077439.0,1.0,1.0
10940,36071,53913.5,156951213.0,0.989,1.0
10940,36105,600.7,6604909.0,0.011,1.0
10941,36071,13831.5,82988328.0,1.0,1.0
10950,36071,67513.7,95309413.0,1.0,1.0
10952,36087,46418.8,23169619.0,1.0,1.0
10953,36071,16.9,229599.0,1.0,1.0
10954,36087,24610.9,17843608.0,1.0,1.0
10956,36087,34197.1,39937099.0,1.0,1.0
10958,36071,3928.7,55012927.0,1.0,1.0
10960,36087,14371.2,12221537.0,1.0,1.0
10962,36087,7078.4,13496970.0,1.0,1.0
10963,36071,3208.1,32496265.0,0.9898,1.0
10963,36105,33.1,1698141.0,0.0102,1.0
10964,36087,2286.9,6302656.0,1.0,1.0
10965,36087,13790.0,13553545.0,1.0,1.0
10968,36087,2320.3,1611256.0,1.0,1.0
10969,36071,1689.8,28353052.0,1.0,1.0
10970,36087,12170.3,29047081.0,1.0,1.0
10973,36071,1926.6,21402591.0,1.0,1.0
10974,36087,3934.3,19056983.0,0.9989,1.0
10974,36071,4.2,135369.0,0.0011,1.0
10975,36071,402.2,13022007.0,1.0,1.0
10976,36087,1037.8,2954636.0,1.0,1.0
10977,36087,68236.1,29162673.0,1.0,1.0
10979,36071,8.7,86359.0,1.0,1.0
10980,36087,14946.3,70967788.0,1.0,1.0
10983,36087,4614.4,5392965.0,1.0,1.0
10984,36087,2850.9,4869252.0,1.0,1.0
10985,36071,123.2,1632582.0,1.0,1.0
10986,36087,2154.1,25604542.0,1.0,1.0
10987,36071,3941.5,86403254.0,1.0,1.0
10988,36071,65.8,841436.0,1.0,1.0
10989,36087,9517.2,12525049.0,1.0,1.0
10990,36071,21055.4,159127774.0,1.0,1.0
10992,36071,7900.4,29276219.0,1.0,1.0
10993,36087,6463.4,3035372.0,1.0,1.0
10994,36087,10032.5,16027519.0,1.0,1.0
10996,36071,1073.2,8261700.0,1.0,1.0
10998,36071,4339.9,55961909.0,1.0,1.0
11001,36059,21387.4,5048415.0,0.853,1.0
11001,36081,3685.3,663253.0,0.147,1.0
11003,36059,45708.8,10685703.0,1.0,1.0
11004,36081,13074.0,2463268.0,1.0,1.0
11005,36081,2174.0,475148.0,1.0,1.0
11010,36059,25281.7,6229230.0,1.0,1.0
11020,36059,4998.4,4999048.0,1.0,1.0
11021,36059,19077.6,6161441.0,1.0,1.0
11023,36059,10704.9,4324773.0,1.0,1.0
11024,36059,8255.3,9068228.0,1.0,1.0
11030,36059,19329.0,17014868.0,1.0,1.0
11040,36059,36537.8,12026254.0,0.9431,1.0
11040,36081,2202.8,429369.0,0.0569,1.0
11042,36059,2086.4,1551548.0,1.0,1.0
11050,36059,33588.9,26246637.0,1.0,1.0
11096,36059,9783.7,3197286.0,1.0,1.0
11101,36081,48289.3,6700694.0,1.0,1.0
11102,36081,29786.8,1815439.0,1.0,1.0
11103,36081,35169.6,1792583.0,1.0,1.0
11104,36081,24791.1,1132397.0,1.0,1.0
11105,36081,38292.6,4231305.0,1.0,1.0
11106,36081,36919.2,2219078.0,1.0,1.0
11109,36081,6996.0,119581.0,1.0,1.0
11201,36047,72256.9,3506670.0,1.0,1.0
11203,36047,72957.5,5539960.0,1.0,1.0
11204,36047,79588.1,4129771.0,1.0,1.0
11205,36047,51830.4,3033777.0,1.0,1.0
11206,36047,91364.7,3628550.0,1.0,1.0
11207,36047,93046.3,7044635.0,1.0,1.0
11208,36047,107011.2,6931906.0,1.0,1.0
11209,36047,70438.0,5473452.0,1.0,1.0
11210,36047,62889.4,4270311.0,1.0,1.0
11211,36047,66664.1,3768558.0,1.0,1.0
11212,36047,88567.4,4002499.0,1.0,1.0
11213,36047,67764.4,2791686.0,1.0,1.0
11214,36047,88446.3,5242819.0,1.0,1.0
11215,36047,71268.2,5668437.0,1.0,1.0
11216,36047,63185.4,2486719.0,1.0,1.0
11217,36047,40626.5,1908694.0,1.0,1.0
11218,36047,74516.1,3527412.0,1.0,1.0
11219,36047,91461.7,3865336.0,1.0,1.0
11220,36047,90654.7,4475329.0,1.0,1.0
11221,36047,89003.0,3576561.0,1.0,1.0
11222,36047,44294.7,3942933.0,1.0,1.0
11223,36047,82143.8,5361174.0,1.0,1.0
11224,36047,48945.8,4017284.0,1.0,1.0
11225,36047,58093.0,2265820.0,1.0,1.0
11226,36047,98251.5,3373771.0,1.0,1.0
11228,36047,42544.1,3877759.0,1.0,1.0
11229,36047,75443.7,5199254.0,1.0,1.0
11230,36047,80281.8,4773124.0,1.0,1.0
11231,36047,36912.7,3690567.0,1.0,1.0
11232,36047,27775.3,3215315.0,1.0,1.0
11233,36047,82289.0,3493736.0,1.0,1.0
11234,36047,83716.9,19124670.0,1.0,1.0
11235,36047,81324.3,6363901.0,1.0,1.0
11236,36047,88145.3,9231367.0,1.0,1.0
11237,36047,43051.9,2580676.0,1.0,1.0
11238,36047,61966.2,4789042.0,1.0,1.0
11239,36047,16862.2,4448124.0,1.0,1.0
11249,36047,45744.9,1851085.0,1.0,1.0
11354,36081,57245.7,5572757.0,1.0,1.0
11355,36081,75890.7,4446032.0,1.0,1.0
11356,36081,25001.5,4096028.0,1.0,1.0
11357,36081,43504.2,7341415.0,1.0,1.0
11358,36081,37015.3,5067751.0,1.0,1.0
11359,36081,0.0,648383.0,,1.0
11360,36081,19831.3,3563186.0,1.0,1.0
11361,36081,29453.8,4437987.0,1.0,1.0
11362,36081,18372.7,5379030.0,1.0,1.0
11363,36081,7202.3,2239195.0,1.0,1.0
11364,36081,35178.9,6498280.0,1.0,1.0
11365,36081,42784.4,6439314.0,1.0,1.0
11366,36081,14017.9,3946393.0,1.0,1.0
11367,36081,41531.3,4952610.0,1.0,1.0
11368,36081,105900.4,6821040.0,1.0,1.0
11369,36081,34944.3,2807334.0,1.0,1.0
11370,36081,26912.8,2320297.0,0.9012,1.0
11370,36005,2950.0,1677210.0,0.0988,1.0
11371,36081,0.0,2837110.0,,1.0
11372,36081,65658.0,1913029.0,1.0,1.0
11373,36081,97751.2,3915486.0,1.0,1.0
11374,36081,47579.5,2445084.0,1.0,1.0
11375,36081,75356.5,6269573.0,1.0,1.0
11377,36081,80351.9,6557544.0,1.0,1.0
11378,36081,36827.9,6306169.0,1.0,1.0
11379,36081,37760.9,5738388.0,1.0,1.0
11385,36081,101255.2,9363087.0,1.0,1.0
11411,36081,20547.5,3054399.0,1.0,1.0
11412,36081,39465.7,4260491.0,1.0,1.0
11413,36081,47673.8,7812635.0,1.0,1.0
11414,36081,31308.0,5979139.0,1.0,1.0
11415,36081,17896.5,1450699.0,1.0,1.0
11416,36081,25976.5,1701912.0,0.9932,1.0
11416,36047,178.7,6522.0,0.0068,1.0
11417,36081,29142.2,2878295.0,0.9975,1.0
11417,36047,73.7,5642.0,0.0025,1.0
11418,36081,37923.1,4298206.0,1.0,1.0
11419,36081,47203.5,2917756.0,1.0,1.0
11420,36081,51168.1,5459080.0,1.0,1.0
11421,36081,40868.4,3327832.0,1.0,1.0
11422,36081,34080.7,5436200.0,1.0,1.0
11423,36081,30138.7,3645124.0,1.0,1.0
11424,36081,541.3,49079.0,1.0,1.0
11426,36081,20995.9,3555218.0,1.0,1.0
11427,36081,23417.9,4062875.0,1.0,1.0
11428,36081,19961.5,2154074.0,1.0,1.0
11429,36081,26165.3,3420397.0,1.0,1.0
11430,36081,284.4,18446520.0,1.0,1.0
11432,36081,63545.3,5240658.0,1.0,1.0
11433,36081,38480.8,3964952.0,1.0,1.0
11434,36081,67422.7,8405426.0,1.0,1.0
11435,36081,54416.3,3912570.0,1.0,1.0
11436,36081,21688.9,2065627.0,1.0,1.0
11439,36081,2173.3,385423.0,1.0,1.0
11451,36081,0.0,185278.0,,1.0
11501,36059,22263.6,5269635.0,1.0,1.0
11507,36059,6306.4,2736029.0,1.0,1.0
11509,36059,2870.5,2176968.0,1.0,1.0
11510,36059,35228.6,10753591.0,1.0,1.0
11514,36059,4918.9,2345031.0,1.0,1.0
11516,36059,9186.0,2382312.0,1.0,1.0
11518,36059,10455.8,3616798.0,1.0,1.0
11520,36059,46283.6,13105763.0,1.0,1.0
11530,36059,30569.3,18739436.0,1.0,1.0
11542,36059,27770.8,17405851.0,1.0,1.0
11545,36059,10871.1,29666572.0,1.0,1.0
11547,36059,1530.5,1190647.0,1.0,1.0
11548,36059,1748.9,2499331.0,1.0,1.0
11549,36059,532.1,621045.0,1.0,1.0
11550,36059,61004.4,10901109.0,1.0,1.0
11552,36059,26138.0,9050254.0,1.0,1.0
11553,36059,27876.4,8386622.0,1.0,1.0
11554,36059,39697.7,16324393.0,1.0,1.0
11556,36059,611.7,182525.0,1.0,1.0
11557,36059,10017.7,5281997.0,1.0,1.0
11558,36059,6366.1,3845110.0,1.0,1.0
11559,36059,9697.4,10769885.0,1.0,1.0
11560,36059,8302.0,19336229.0,1.0,1.0
11561,36059,35614.4,10390887.0,1.0,1.0
11563,36059,22878.0,6019823.0,1.0,1.0
11565,36059,8856.0,2922976.0,1.0,1.0
11566,36059,33733.7,14071637.0,1.0,1.0
11568,36059,4760.2,22448333.0,1.0,1.0
11569,36059,80.0,724083.0,1.0,1.0
11570,36059,27817.1,9293740.0,1.0,1.0
11572,36059,30310.7,12349203.0,1.0,1.0
11575,36059,18817.0,4608137.0,1.0,1.0
11576,36059,13338.8,11930854.0,1.0,1.0
11577,36059,12565.8,7646731.0,1.0,1.0
11579,36059,5025.4,2883031.0,1.0,1.0
11580,36059,42250.5,10068249.0,1.0,1.0
11581,36059,23708.8,7053851.0,1.0,1.0
11590,36059,43027.6,17364346.0,1.0,1.0
11596,36059,10785.2,3427672.0,1.0,1.0
11598,36059,11606.2,5015148.0,1.0,1.0
11691,36081,67907.1,6949954.0,1.0,1.0
11692,36081,22520.2,2631023.0,1.0,1.0
11693,36081,13346.4,2560690.0,1.0,1.0
11694,36081,21689.0,4525516.0,1.0,1.0
11697,36081,3612.7,5302645.0,1.0,1.0
11701,36103,29071.0,12015524.0,1.0,1.0
11702,36103,17040.0,29799898.0,1.0,1.0
11703,36103,16871.8,7892472.0,1.0,1.0
11704,36103,39307.3,20436218.0,1.0,1.0
11705,36103,8088.8,8778865.0,1.0,1.0
11706,36103,67352.3,43849806.0,1.0,1.0
11709,36059,5309.5,3845388.0,1.0,1.0
11710,36059,35307.7,12598269.0,1.0,1.0
11713,36103,6309.0,14459866.0,1.0,1.0
11714,36059,22138.9,10942915.0,1.0,1.0
11715,36103,4448.3,4398536.0,1.0,1.0
11716,36103,9380.0,22377260.0,1.0,1.0
11717,36103,53.9,27828010.0,1.0,1.0
11718,36103,3168.6,2427367.0,1.0,1.0
11719,36103,6061.4,13829220.0,1.0,1.0
11720,36103,30374.7,21310552.0,1.0,1.0
11721,36103,6085.2,6497630.0,1.0,1.0
11722,36103,39045.8,18046955.0,1.0,1.0
11724,36103,3454.6,9999701.0,1.0,1.0
11725,36103,28524.7,25148155.0,1.0,1.0
11726,36103,20620.3,6557518.0,1.0,1.0
11727,36103,26736.8,24330662.0,1.0,1.0
11729,36103,27385.6,16046648.0,1.0,1.0
11730,36103,13825.5,11644492.0,1.0,1.0
11731,36103,30246.2,21551685.0,1.0,1.0
11732,36059,3972.8,5598608.0,1.0,1.0
11733,36103,18627.1,30406472.0,1.0,1.0
11735,36059,27962.3,12793255.0,0.8531,1.0
11735,36103,4815.4,15013164.0,0.1469,1.0
11738,36103,16879.2,12964035.0,1.0,1.0
11739,36103,1646.5,9202281.0,1.0,1.0
11740,36103,11266.1,9486854.0,1.0,1.0
11741,36103,26926.3,19444051.0,1.0,1.0
11742,36103,14713.8,13336189.0,1.0,1.0
11743,36103,42845.9,66477469.0,1.0,1.0
11746,36103,65148.3,62456506.0,1.0,1.0
11747,36103,20277.4,32622020.0,1.0,1.0
11749,36103,3571.1,5663406.0,1.0,1.0
11751,36103,13815.9,10266257.0,1.0,1.0
11752,36103,9189.2,10460975.0,1.0,1.0
11753,36059,12266.3,10267902.0,1.0,1.0
11754,36103,17132.7,19070143.0,1.0,1.0
11755,36103,12200.8,8490576.0,1.0,1.0
11756,36059,42389.1,14320539.0,1.0,1.0
11757,36103,43824.3,17636841.0,1.0,1.0
11758,36059,53488.6,31047209.0,0.9997,1.0
11758,36103,15.9,8629.0,0.0003,1.0
11762,36059,22483.5,8339991.0,1.0,1.0
11763,36103,28822.2,35627966.0,1.0,1.0
11764,36103,10538.2,23776057.0,1.0,1.0
11765,36059,991.4,5847641.0,1.0,1.0
11766,36103,12086.8,15610883.0,1.0,1.0
11767,36103,15939.8,11221269.0,1.0,1.0
11768,36103,22491.3,39104606.0,1.0,1.0
11769,36103,9913.3,11285370.0,1.0,1.0
11770,36103,25.0,1565434.0,1.0,1.0
11771,36059,12907.4,28075267.0,1.0,1.0
11772,36103,42949.8,41782741.0,1.0,1.0
11776,36103,23318.0,18512544.0,1.0,1.0
11777,36103,9404.6,11374667.0,1.0,1.0
11778,36103,13063.8,17458746.0,1.0,1.0
11779,36103,37038.8,32298182.0,1.0,1.0
11780,36103,15680.8,29791999.0,1.0,1.0
11782,36103,14318.1,14385858.0,1.0,1.0
11783,36059,21730.5,9173476.0,1.0,1.0
11784,36103,24249.7,14191204.0,1.0,1.0
11786,36103,6507.1,12553782.0,1.0,1.0
11787,36103,33635.1,38587514.0,1.0,1.0
11788,36103,16881.5,22284081.0,1.0,1.0
11789,36103,6847.5,4383433.0,1.0,1.0
11790,36103,20397.5,18890945.0,1.0,1.0
11791,36059,24360.2,32408675.0,1.0,1.0
11792,36103,8572.0,25613743.0,1.0,1.0
11793,36059,33222.8,25529176.0,1.0,1.0
11794,36103,1556.3,591777.0,1.0,1.0
11795,36103,24489.7,14741013.0,1.0,1.0
11796,36103,3046.4,3232197.0,1.0,1.0
11797,36059,9558.1,13197682.0,1.0,1.0
11798,36103,6512.7,12895342.0,1.0,1.0
11801,36059,42444.9,17287857.0,1.0,1.0
11803,36059,28097.1,15953663.0,1.0,1.0
11804,36059,4433.8,7305864.0,1.0,1.0
11901,36103,31877.2,146851615.0,1.0,1.0
11930,36103,769.6,22246623.0,1.0,1.0
11931,36103,74.7,573376.0,1.0,1.0
11932,36103,1128.0,18747276.0,1.0,1.0
11933,36103,8065.3,65730167.0,1.0,1.0
11934,36103,8547.4,14339573.0,1.0,1.0
11935,36103,3309.6,26740061.0,1.0,1.0
11937,36103,20782.4,96030915.0,1.0,1.0
11939,36103,442.6,5797296.0,1.0,1.0
11940,36103,6181.5,12977231.0,1.0,1.0
11941,36103,2548.9,10628297.0,1.0,1.0
11942,36103,5543.1,21981456.0,1.0,1.0
11944,36103,4947.4,10539257.0,1.0,1.0
11946,36103,14650.6,34968188.0,1.0,1.0
11947,36103,11.9,86915.0,1.0,1.0
11948,36103,965.1,7263098.0,1.0,1.0
11949,36103,16893.7,94859116.0,1.0,1.0
11950,36103,15938.9,9577625.0,1.0,1.0
11951,36103,16000.3,12429064.0,1.0,1.0
11952,36103,4743.7,24048207.0,1.0,1.0
11953,36103,15615.0,26712060.0,1.0,1.0
11954,36103,4226.5,47993315.0,1.0,1.0
11955,36103,2474.6,5780466.0,1.0,1.0
11956,36103,553.4,3284726.0,1.0,1.0
11957,36103,1279.5,16760754.0,1.0,1.0
11958,36103,595.3,7585070.0,1.0,1.0
11959,36103,1086.0,15840043.0,1.0,1.0
11960,36103,1389.7,5145914.0,1.0,1.0
11961,36103,10630.7,38934381.0,1.0,1.0
11962,36103,954.0,15213322.0,1.0,1.0
11963,36103,6279.8,37770312.0,1.0,1.0
11964,36103,2579.2,24294717.0,1.0,1.0
11965,36103,753.6,7098290.0,1.0,1.0
11967,36103,29714.5,34219903.0,1.0,1.0
11968,36103,15439.8,69691046.0,1.0,1.0
11970,36103,139.5,1020150.0,1.0,1.0
11971,36103,6498.7,28388763.0,1.0,1.0
11972,36103,500.8,2083607.0,1.0,1.0
11973,36103,674.4,6234627.0,1.0,1.0
11975,36103,1021.9,10489647.0,1.0,1.0
11976,36103,3779.5,33593022.0,1.0,1.0
11977,36103,2711.5,14878960.0,1.0,1.0
11978,36103,4875.0,26341052.0,1.0,1.0
11980,36103,8269.5,31166724.0,1.0,1.0
12007,36001,410.5,12957269.0,1.0,1.0
12008,36093,531.3,1733130.0,1.0,1.0
12009,36001,9580.3,135766453.0,0.9983,1.0
12009,36093,16.0,532185.0,0.0017,1.0
12010,36057,24634.0,211669764.0,0.7999,1.0
12010,36035,3747.8,61934584.0,0.1217,1.0
12010,36091,1745.5,38926499.0,0.0567,1.0
12010,36093,670.7,19780533.0,0.0218,1.0
12015,36039,2100.1,39136758.0,1.0,1.0
12017,36021,511.2,38095867.0,1.0,1.0
12018,36083,7040.1,119690603.0,1.0,1.0
12019,36091,10742.3,72102986.0,0.9377,1.0
12019,36093,713.5,1612960.0,0.0623,1.0
12020,36091,35726.8,195699150.0,1.0,1.0
12022,36083,780.4,61456984.0,1.0,1.0
12023,36001,2061.5,115992834.0,0.6957,1.0
12023,36095,901.8,37154969.0,0.3043,1.0
12024,36021,207.8,7314268.0,0.9942,1.0
12024,36083,1.2,39397.0,0.0058,1.0
12025,36035,4033.7,69308469.0,0.8865,1.0
12025,36091,516.6,39233326.0,0.1135,1.0
12027,36091,2718.2,17040393.0,0.7303,1.0
12027,36093,1004.0,2283663.0,0.2697,1.0
12028,36083,945.4,28979915.0,0.5835,1.0
12028,36115,674.8,32391143.0,0.4165,1.0
12029,36021,1070.7,53914749.0,1.0,1.0
12031,36095,167.4,9133593.0,1.0,1.0
12032,36035,566.7,102292454.0,0.8597,1.0
12032,36041,92.5,140127688.0,0.1403,1.0
12033,36083,6786.4,73815780.0,1.0,1.0
12035,36095,710.3,24967994.0,1.0,1.0
12036,36095,260.7,14253680.0,0.7869,1.0
12036,36077,70.6,3973154.0,0.2131,1.0
12037,36021,2124.9,93745498.0,1.0,1.0
12040,36083,2.0,154748.0,1.0,1.0
12041,36001,191.5,5078800.0,1.0,1.0
12042,36039,434.7,12918998.0,1.0,1.0
12043,36095,6169.0,160048537.0,0.994,1.0
12043,36077,37.3,4662810.0,0.006,1.0
12045,36001,101.3,3197637.0,1.0,1.0
12046,36001,1171.6,36982226.0,0.9648,1.0
12046,36039,42.8,1435081.0,0.0352,1.0
12047,36001,24164.5,22898936.0,1.0,1.0
12051,36039,5176.4,46408206.0,1.0,1.0
12052,36083,1384.7,78094266.0,1.0,1.0
12053,36093,3302.5,99530522.0,0.7479,1.0
12053,36001,585.7,24756930.0,0.1326,1.0
12053,36095,470.0,18453907.0,0.1064,1.0
12053,36057,57.4,3353384.0,0.013,1.0
12054,36001,15011.8,40025877.0,1.0,1.0
12056,36093,1554.7,48643085.0,1.0,1.0
12057,36115,2121.3,80894745.0,0.8419,1.0
12057,36083,398.3,18140327.0,0.1581,1.0
12058,36039,1954.6,51625852.0,1.0,1.0
12059,36001,1016.1,59000710.0,1.0,1.0
12060,36021,2038.0,93362407.0,1.0,1.0
12061,36083,8897.1,52026935.0,1.0,1.0
12062,36083,2022.3,77882458.0,0.9088,1.0
12062,36021,202.8,8288053.0,0.0912,1.0
12063,36083,250.0,3313303.0,1.0,1.0
12064,36077,257.7,14508537.0,0.6146,1.0
12064,36095,161.6,8838532.0,0.3854,1.0
12065,36091,40930.2,90955648.0,1.0,1.0
12066,36095,955.4,25742779.0,0.4195,1.0
12066,36057,677.9,39610897.0,0.2976,1.0
12066,36093,644.3,19417720.0,0.2829,1.0
12067,36001,2343.0,50634133.0,1.0,1.0
12068,36057,2874.1,72218417.0,0.971,1.0
12068,36035,85.8,3732720.0,0.029,1.0
12069,36057,16.5,965335.0,1.0,1.0
12070,36057,1202.7,16553444.0,0.5889,1.0
12070,36035,839.6,16019434.0,0.4111,1.0
12071,36095,263.7,35655564.0,1.0,1.0
12072,36057,2530.0,135180021.0,1.0,1.0
12074,36091,2511.5,88874276.0,1.0,1.0
12075,36021,3789.8,93929814.0,1.0,1.0
12076,36095,1362.4,178229052.0,1.0,1.0
12077,36001,8070.5,26204298.0,1.0,1.0
12078,36035,21317.2,286982471.0,1.0,1.0
12082,36083,0.8,49061.0,1.0,1.0
12083,36039,2058.0,58990066.0,0.6499,1.0
12083,36001,1108.9,54299990.0,0.3501,1.0
12084,36001,3677.7,9868396.0,1.0,1.0
12085,36001,73.9,1734084.0,1.0,1.0
12086,36057,294.4,4052463.0,0.4097,1.0
12086,36091,282.0,9047117.0,0.3925,1.0
12086,36035,142.1,2711702.0,0.1978,1.0
12087,36039,1455.5,47671618.0,0.9175,1.0
12087,36001,130.9,4197945.0,0.0825,1.0
12090,36083,6517.0,149771050.0,0.9999,1.0
12090,36115,0.6,23316.0,0.0001,1.0
12092,36095,2070.4,40065038.0,1.0,1.0
12093,36095,991.2,125267832.0,0.6109,1.0
12093,36025,631.2,43819385.0,0.3891,1.0
12094,36083,2352.1,69989513.0,0.9063,1.0
12094,36115,243.0,12204341.0,0.0937,1.0
12095,36035,12658.3,154713056.0,0.9568,1.0
12095,36057,570.9,14155077.0,0.0432,1.0
12106,36021,1933.0,37107901.0,1.0,1.0
12108,36041,124.9,189325642.0,1.0,1.0
12110,36001,20646.3,37152980.0,1.0,1.0
12115,36021,273.6,9291542.0,1.0,1.0
12116,36077,1547.9,103795561.0,1.0,1.0
12117,36035,3368.1,113629162.0,1.0,1.0
12118,36091,18996.1,89038650.0,0.9948,1.0
12118,36083,98.4,2467514.0,0.0052,1.0
12120,36001,432.3,36200508.0,0.9107,1.0
12120,36039,42.4,2051031.0,0.0893,1.0
12121,36083,2616.1,49960558.0,1.0,1.0
12122,36095,3219.6,241919638.0,0.9063,1.0
12122,36001,333.0,22461079.0,0.0937,1.0
12123,36083,5229.0,80689456.0,0.9912,1.0
12123,36021,46.6,1583404.0,0.0088,1.0
12124,36039,120.3,4032910.0,1.0,1.0
12125,36021,1014.3,41447262.0,1.0,1.0
12130,36021,204.5,1412574.0,1.0,1.0
12131,36095,222.4,30065333.0,1.0,1.0
12132,36021,38.3,1301916.0,1.0,1.0
12134,36035,1623.0,39091221.0,0.4666,1.0
12134,36091,1227.0,131031535.0,0.3528,1.0
12134,36041,628.2,319397188.0,0.1806,1.0
12136,36021,1557.4,53033978.0,1.0,1.0
12137,36093,1879.5,49420880.0,0.9095,1.0
12137,36057,187.1,10932964.0,0.0905,1.0
12138,36083,3702.7,232188744.0,1.0,1.0
12139,36041,373.7,566343103.0,1.0,1.0
12140,36083,956.7,18527895.0,1.0,1.0
12143,36001,4249.1,43735890.0,0.9617,1.0
12143,36039,169.1,5670386.0,0.0383,1.0
12144,36083,21037.3,47441068.0,1.0,1.0
12147,36001,635.9,49449185.0,1.0,1.0
12148,36091,7088.1,40467711.0,1.0,1.0
12149,36095,1797.1,108955419.0,0.9444,1.0
12149,36077,105.9,5958978.0,0.0556,1.0
12150,36093,241.5,3081767.0,1.0,1.0
12151,36091,3007.8,6747215.0,1.0,1.0
12153,36083,2675.9,44023017.0,1.0,1.0
12154,36083,2421.8,60989670.0,0.7724,1.0
12154,36115,713.7,49682457.0,0.2276,1.0
12155,36077,1219.6,125983734.0,0.8497,1.0
12155,36025,215.7,9779446.0,0.1503,1.0
12156,36083,1807.3,26646075.0,0.8374,1.0
12156,36021,350.8,10867691.0,0.1626,1.0
12157,36095,4041.1,128056210.0,0.9862,1.0
12157,36093,35.9,1082536.0,0.0088,1.0
12157,36001,20.5,865368.0,0.005,1.0
12158,36001,6359.8,76038816.0,1.0,1.0
12159,36001,11077.7,39126651.0,1.0,1.0
12160,36095,925.3,36484719.0,0.9321,1.0
12160,36057,67.4,3606240.0,0.0679,1.0
12161,36001,20.5,255537.0,1.0,1.0
12164,36041,199.6,302464753.0,1.0,1.0
12165,36021,58.2,4378774.0,1.0,1.0
12166,36057,2132.2,110445345.0,0.9794,1.0
12166,36095,44.8,2442867.0,0.0206,1.0
12167,36025,794.7,63374803.0,0.5837,1.0
12167,36095,566.9,75129883.0,0.4163,1.0
12168,36083,1474.3,79729670.0,1.0,1.0
12169,36083,557.9,30034570.0,1.0,1.0
12170,36091,5673.1,81772841.0,1.0,1.0
12172,36021,121.3,1384909.0,1.0,1.0
12173,36021,1560.5,42262827.0,1.0,1.0
12174,36021,88.1,2838531.0,1.0,1.0
12175,36095,958.7,69287001.0,1.0,1.0
12176,36039,497.0,13361545.0,1.0,1.0
12177,36057,67.7,1243845.0,1.0,1.0
12180,36083,52605.9,145621926.0,1.0,1.0
12182,36083,15571.2,35370313.0,1.0,1.0
12183,36001,2970.0,1941182.0,1.0,1.0
12184,36021,7821.9,100279758.0,0.984,1.0
12184,36083,127.3,1687219.0,0.016,1.0
12185,36083,1566.4,43580850.0,0.8728,1.0
12185,36115,228.3,15368745.0,0.1272,1.0
12186,36001,6874.8,85767999.0,1.0,1.0
12187,36095,1097.5,50378709.0,1.0,1.0
12188,36091,11774.4,33658833.0,1.0,1.0
12189,36001,18338.6,16109045.0,1.0,1.0
12190,36041,900.8,457988367.0,1.0,1.0
12192,36039,2086.8,41824891.0,1.0,1.0
12193,36001,2080.9,98276055.0,1.0,1.0
12194,36095,315.6,42667267.0,1.0,1.0
12195,36021,49.7,2030038.0,1.0,1.0
12196,36083,2015.6,23191415.0,1.0,1.0
12197,36077,2293.1,168809645.0,1.0,1.0
12198,36083,8490.4,34305463.0,1.0,1.0
12202,36001,10559.5,5196951.0,1.0,1.0
12203,36001,27588.0,27022417.0,1.0,1.0
12204,36001,7137.9,10717387.0,1.0,1.0
12205,36001,27467.0,39802202.0,1.0,1.0
12206,36001,14255.5,5368398.0,1.0,1.0
12207,36001,3153.0,2553403.0,1.0,1.0
12208,36001,24589.5,11404499.0,1.0,1.0
12209,36001,10562.7,5734495.0,1.0,1.0
12210,36001,8677.4,2930906.0,1.0,1.0
12211,36001,13913.1,21020302.0,1.0,1.0
12222,36001,4087.4,1736007.0,1.0,1.0
12226,36001,1382.9,951635.0,1.0,1.0
12302,36093,26452.6,102132491.0,0.9759,1.0
12302,36091,653.4,10107314.0,0.0241,1.0
12303,36093,18821.9,11667101.0,0.6442,1.0
12303,36001,10397.4,28655983.0,0.3558,1.0
12304,36093,20204.1,11446358.0,0.8532,1.0
12304,36001,3476.9,5814158.0,0.1468,1.0
12305,36093,7399.5,3881395.0,1.0,1.0
12306,36093,26373.5,108773917.0,0.9616,1.0
12306,36001,1052.7,4938055.0,0.0384,1.0
12307,36093,7958.3,1846825.0,1.0,1.0
12308,36093,14148.7,5916095.0,1.0,1.0
12309,36093,28416.7,37079436.0,0.8699,1.0
12309,36001,4249.4,8415734.0,0.1301,1.0
12401,36111,37713.7,152542126.0,1.0,1.0
12404,36111,3636.2,95776364.0,1.0,1.0
12405,36039,1010.4,28074902.0,1.0,1.0
12406,36025,509.2,38728424.0,0.7045,1.0
12406,36111,213.6,87146418.0,0.2955,1.0
12407,36039,26.9,2264589.0,1.0,1.0
12409,36111,979.0,45762069.0,1.0,1.0
12410,36111,786.7,131686651.0,1.0,1.0
12411,36111,233.9,1732417.0,1.0,1.0
12412,36111,341.6,17080935.0,1.0,1.0
12413,36039,1686.3,43116612.0,1.0,1.0
12414,36039,11655.0,161006505.0,1.0,1.0
12416,36111,138.9,13784469.0,1.0,1.0
12417,36111,589.2,903285.0,1.0,1.0
12418,36039,741.9,35877393.0,1.0,1.0
12419,36111,560.3,6224112.0,1.0,1.0
12420,36111,281.6,6903463.0,1.0,1.0
12421,36025,461.0,44522526.0,1.0,1.0
12422,36039,533.5,25801887.0,1.0,1.0
12423,36039,573.1,27714839.0,1.0,1.0
12424,36039,290.1,52466840.0,1.0,1.0
12427,36039,1187.6,99948198.0,1.0,1.0
12428,36111,7259.7,142676892.0,1.0,1.0
12429,36111,122.3,1809348.0,1.0,1.0
12430,36025,543.4,42916553.0,0.6181,1.0
12430,36039,335.8,60742990.0,0.3819,1.0
12431,36039,1809.3,45397558.0,1.0,1.0
12432,36111,784.8,1207555.0,1.0,1.0
12433,36111,1025.7,9010705.0,1.0,1.0
12434,36025,283.1,28113227.0,1.0,1.0
12435,36111,355.1,20664568.0,1.0,1.0
12436,36039,475.3,28774099.0,1.0,1.0
12438,36025,5.5,420543.0,1.0,1.0
12439,36039,292.0,26210284.0,1.0,1.0
12440,36111,2307.5,51924546.0,1.0,1.0
12441,36025,72.3,5498080.0,0.9293,1.0
12441,36111,5.5,2243415.0,0.0707,1.0
12442,36039,473.1,48584539.0,1.0,1.0
12443,36111,3207.2,42793350.0,1.0,1.0
12444,36039,280.8,50786229.0,1.0,1.0
12446,36111,5559.3,174589454.0,1.0,1.0
12448,36111,474.7,22186738.0,1.0,1.0
12449,36111,1668.6,9637210.0,1.0,1.0
12450,36039,657.7,55353040.0,1.0,1.0
12451,36039,1372.6,28827635.0,1.0,1.0
12452,36039,4.7,853647.0,1.0,1.0
12453,36111,67.6,1104289.0,1.0,1.0
12454,36039,347.9,28438740.0,1.0,1.0
12455,36025,2102.1,174597990.0,0.9885,1.0
12455,36111,24.5,10012197.0,0.0115,1.0
12456,36111,93.9,1399586.0,1.0,1.0
12457,36111,529.4,29633952.0,1.0,1.0
12458,36111,1948.9,95430780.0,0.9472,1.0
12458,36105,108.6,6890109.0,0.0528,1.0
12459,36025,207.8,16268974.0,1.0,1.0
12460,36001,119.8,10032909.0,0.5136,1.0
12460,36039,113.5,5487295.0,0.4864,1.0
12461,36111,1342.2,47783497.0,1.0,1.0
12463,36039,1068.1,19266360.0,0.9977,1.0
12463,36111,2.5,40529.0,0.0023,1.0
12464,36111,1031.9,117274817.0,1.0,1.0
12465,36025,22.2,1688987.0,0.6085,1.0
12465,36111,14.3,5829582.0,0.3915,1.0
12466,36111,1732.9,2667324.0,1.0,1.0
12468,36039,1158.4,126984800.0,0.8303,1.0
12468,36025,236.7,23503855.0,0.1697,1.0
12469,36001,609.0,51001167.0,0.6569,1.0
12469,36095,231.3,30260616.0,0.2495,1.0
12469,36039,86.8,4198494.0,0.0936,1.0
12470,36039,1285.2,31040820.0,1.0,1.0
12471,36111,53.4,789902.0,1.0,1.0
12472,36111,955.4,8636088.0,1.0,1.0
12473,36039,943.3,22753586.0,1.0,1.0
12474,36025,1232.4,122382363.0,1.0,1.0
12475,36111,221.9,3024222.0,1.0,1.0
12477,36111,20260.9,172754173.0,1.0,1.0
12480,36111,294.0,38444507.0,0.5554,1.0
12480,36039,235.3,42567530.0,0.4446,1.0
12481,36111,1022.0,33053825.0,1.0,1.0
12482,36039,302.3,6010440.0,1.0,1.0
12483,36105,74.2,2419708.0,0.8461,1.0
12483,36111,13.5,761676.0,0.1539,1.0
12484,36111,2578.1,61459004.0,1.0,1.0
12485,36039,380.5,24080841.0,1.0,1.0
12486,36111,959.0,8394087.0,1.0,1.0
12487,36111,3768.7,42306049.0,1.0,1.0
12489,36111,266.5,9267806.0,1.0,1.0
12490,36111,81.6,1331829.0,1.0,1.0
12491,36111,1936.4,25666612.0,1.0,1.0
12492,36039,587.9,106337779.0,1.0,1.0
12493,36111,906.1,13400370.0,1.0,1.0
12494,36111,1736.2,61785799.0,1.0,1.0
12495,36111,418.3,19553121.0,1.0,1.0
12496,36039,1355.9,112044686.0,1.0,1.0
12498,36111,3205.1,57392212.0,1.0,1.0
12501,36027,2764.0,83808015.0,1.0,1.0
12502,36021,1217.2,82836179.0,1.0,1.0
12503,36021,726.8,57562203.0,1.0,1.0
12504,36027,242.6,1928624.0,1.0,1.0
12507,36027,480.9,3822477.0,1.0,1.0
12508,36027,20676.0,37370008.0,1.0,1.0
12512,36027,298.0,688299.0,1.0,1.0
12513,36021,370.4,7536223.0,1.0,1.0
12514,36027,2315.5,70659161.0,1.0,1.0
12515,36111,1171.0,11234945.0,1.0,1.0
12516,36021,1630.2,52988435.0,1.0,1.0
12517,36021,388.4,12380265.0,1.0,1.0
12518,36071,4636.2,20611176.0,1.0,1.0
12520,36071,3016.1,10711760.0,1.0,1.0
12521,36021,2109.4,83343497.0,1.0,1.0
12522,36027,4855.0,97060588.0,1.0,1.0
12523,36021,1243.0,57831255.0,1.0,1.0
12524,36027,14394.3,43407892.0,1.0,1.0
12525,36111,3827.7,61119400.0,1.0,1.0
12526,36021,3859.2,83910235.0,1.0,1.0
12527,36027,70.2,451717.0,1.0,1.0
12528,36111,14753.6,116230487.0,1.0,1.0
12529,36021,3311.6,176323262.0,1.0,1.0
12530,36021,22.6,460713.0,1.0,1.0
12531,36027,3716.7,37743053.0,0.8916,1.0
12531,36079,452.0,7406811.0,0.1084,1.0
12533,36027,25783.0,116999943.0,0.9796,1.0
12533,36079,537.9,9568634.0,0.0204,1.0
12534,36021,19032.3,229433122.0,1.0,1.0
12538,36027,13272.5,66013575.0,1.0,1.0
12540,36027,8142.5,91423176.0,1.0,1.0
12542,36111,4698.4,33902509.0,0.8954,1.0
12542,36071,548.8,3369013.0,0.1046,1.0
12543,36071,674.4,3971288.0,1.0,1.0
12544,36021,73.0,1486252.0,1.0,1.0
12545,36027,4976.3,146793439.0,1.0,1.0
12546,36027,2469.7,92705013.0,0.8873,1.0
12546,36021,313.7,24847013.0,0.1127,1.0
12547,36111,3545.5,23936001.0,1.0,1.0
12548,36111,1148.3,10076477.0,1.0,1.0
12549,36071,12723.5,100359330.0,1.0,1.0
12550,36071,53423.8,89816424.0,1.0,1.0
12553,36071,26554.2,62589085.0,1.0,1.0
12561,36111,19691.2,156052147.0,1.0,1.0
12563,36079,8613.7,60821846.0,1.0,1.0
12564,36027,7436.1,107145833.0,1.0,1.0
12565,36021,180.2,3667393.0,1.0,1.0
12566,36111,5298.4,81575073.0,0.4828,1.0
12566,36071,4550.4,48385049.0,0.4147,1.0
12566,36105,1124.9,14525186.0,0.1025,1.0
12567,36027,2286.2,81402554.0,0.789,1.0
12567,36021,611.4,37811879.0,0.211,1.0
12569,36027,11332.4,86254770.0,1.0,1.0
12570,36027,5696.5,51434191.0,1.0,1.0
12571,36027,9501.0,128671889.0,0.9559,1.0
12571,36021,437.9,21877468.0,0.0441,1.0
12572,36027,9307.6,132189695.0,1.0,1.0
12574,36027,66.7,1326058.0,1.0,1.0
12575,36071,4027.0,41566994.0,1.0,1.0
12577,36071,4319.2,19999901.0,1.0,1.0
12578,36027,2764.8,37386528.0,1.0,1.0
12580,36027,4895.8,57443993.0,1.0,1.0
12581,36027,2852.3,100973048.0,1.0,1.0
12582,36027,6002.0,36036088.0,0.9942,1.0
12582,36079,35.0,622776.0,0.0058,1.0
12583,36027,2077.1,18620999.0,0.8031,1.0
12583,36021,509.1,11603562.0,0.1969,1.0
12585,36027,577.2,12118310.0,1.0,1.0
12586,36071,14432.5,61521456.0,1.0,1.0
12589,36111,13641.7,130596235.0,0.7741,1.0
12589,36071,3980.1,23563842.0,0.2259,1.0
12590,36027,37219.7,90186509.0,1.0,1.0
12592,36027,1315.6,38467770.0,1.0,1.0
12594,36027,3474.5,59717228.0,1.0,1.0
12601,36027,44904.3,47329427.0,1.0,1.0
12603,36027,41435.0,82552909.0,1.0,1.0
12604,36027,606.5,485586.0,1.0,1.0
12701,36105,13845.4,158087495.0,1.0,1.0
12719,36105,756.1,43947682.0,1.0,1.0
12720,36105,391.9,23643085.0,1.0,1.0
12721,36105,5394.1,44281814.0,0.7932,1.0
12721,36071,1406.6,19610493.0,0.2068,1.0
12722,36105,61.9,799121.0,1.0,1.0
12723,36105,1821.6,86737104.0,1.0,1.0
12724,36105,323.6,13439218.0,1.0,1.0
12725,36105,614.3,38964340.0,0.6345,1.0
12725,36111,353.9,144381179.0,0.3655,1.0
12726,36105,1402.6,85476651.0,1.0,1.0
12729,36071,1383.9,30844159.0,0.9042,1.0
12729,36105,146.7,26377003.0,0.0958,1.0
12732,36105,1185.6,68805768.0,1.0,1.0
12733,36105,849.8,9609718.0,1.0,1.0
12734,36105,1059.1,36413107.0,1.0,1.0
12736,36105,71.5,7820868.0,1.0,1.0
12737,36105,1562.1,91050474.0,1.0,1.0
12738,36105,295.3,5331324.0,1.0,1.0
12740,36105,1073.7,68102868.0,0.7432,1.0
12740,36111,371.0,118269425.0,0.2568,1.0
12741,36105,218.0,23833512.0,1.0,1.0
12742,36105,404.1,5886813.0,1.0,1.0
12743,36105,335.0,19442996.0,1.0,1.0
12745,36105,78.0,3115944.0,1.0,1.0
12746,36071,2455.3,53178950.0,1.0,1.0
12747,36105,3931.8,44412322.0,1.0,1.0
12748,36105,1350.2,61013508.0,1.0,1.0
12749,36105,124.5,5611465.0,1.0,1.0
12750,36105,203.2,8121836.0,1.0,1.0
12751,36105,459.2,6720714.0,1.0,1.0
12752,36105,63.3,3996870.0,1.0,1.0
12754,36105,6299.7,73257600.0,1.0,1.0
12758,36105,5009.5,283506430.0,0.9455,1.0
12758,36111,272.1,111025881.0,0.0514,1.0
12758,36025,16.5,3401270.0,0.0031,1.0
12759,36105,699.4,10215219.0,1.0,1.0
12760,36025,620.9,92339181.0,0.7288,1.0
12760,36105,231.0,25252739.0,0.2712,1.0
12762,36105,454.5,23877299.0,1.0,1.0
12763,36105,1879.6,35298595.0,0.9891,1.0
12763,36111,20.7,1203956.0,0.0109,1.0
12764,36105,2093.5,157023435.0,1.0,1.0
12765,36105,455.8,28907005.0,1.0,1.0
12766,36105,561.0,24226468.0,1.0,1.0
12767,36105,48.3,5284084.0,1.0,1.0
12768,36105,2032.3,85802108.0,1.0,1.0
12769,36105,335.2,10926260.0,1.0,1.0
12770,36105,155.9,9088846.0,1.0,1.0
12771,36071,13490.9,89529791.0,1.0,1.0
12775,36105,1504.6,35235541.0,1.0,1.0
12776,36105,1773.2,115803857.0,0.6575,1.0
12776,36025,923.5,183484091.0,0.3425,1.0
12777,36105,651.2,115694755.0,1.0,1.0
12778,36105,74.0,4460374.0,1.0,1.0
12779,36105,1750.9,17408514.0,1.0,1.0
12780,36071,2274.8,59859603.0,0.9705,1.0
12780,36105,69.1,4024915.0,0.0295,1.0
12781,36105,229.6,7483717.0,1.0,1.0
12783,36105,1952.5,82185787.0,1.0,1.0
12784,36105,131.9,3197323.0,1.0,1.0
12785,36105,534.8,27478355.0,0.6582,1.0
12785,36071,277.7,7709448.0,0.3418,1.0
12786,36105,759.3,44437402.0,1.0,1.0
12787,36105,168.6,6579166.0,1.0,1.0
12788,36105,2397.7,57408078.0,1.0,1.0
12789,36105,2641.1,36524304.0,0.9707,1.0
12789,36111,79.8,4642998.0,0.0293,1.0
12790,36105,4446.0,133258455.0,1.0,1.0
12791,36105,225.5,9375595.0,1.0,1.0
12792,36105,190.9,11080246.0,1.0,1.0
12801,36113,14611.4,9815555.0,1.0,1.0
12803,36091,7879.7,15698785.0,1.0,1.0
12804,36113,27268.9,136529311.0,0.9952,1.0
12804,36115,130.8,5047605.0,0.0048,1.0
12808,36113,265.4,37053257.0,1.0,1.0
12809,36115,3284.4,135272002.0,1.0,1.0
12810,36113,469.8,112126028.0,1.0,1.0
12811,36113,276.4,81850783.0,1.0,1.0
12812,36041,438.1,225301458.0,1.0,1.0
12814,36113,1448.1,116654052.0,1.0,1.0
12815,36113,850.5,118728408.0,1.0,1.0
12816,36115,3162.1,155060431.0,1.0,1.0
12817,36113,2576.8,132752048.0,1.0,1.0
12819,36115,271.6,54789010.0,1.0,1.0
12820,36113,11.3,331799.0,1.0,1.0
12821,36115,462.4,14460090.0,1.0,1.0
12822,36091,6400.6,175717606.0,1.0,1.0
12823,36115,429.8,10022274.0,1.0,1.0
12824,36113,857.0,55624484.0,1.0,1.0
12827,36115,5660.0,318109184.0,1.0,1.0
12828,36115,4809.6,86905624.0,0.5139,1.0
12828,36091,4550.1,29872529.0,0.4861,1.0
12831,36091,17910.8,168885466.0,1.0,1.0
12832,36115,6147.2,204726180.0,1.0,1.0
12833,36091,5077.5,96688812.0,1.0,1.0
12834,36115,6169.0,219062055.0,1.0,1.0
12835,36091,2453.6,259410769.0,0.9956,1.0
12835,36113,10.9,2590893.0,0.0044,1.0
12836,36113,787.9,109990043.0,0.9685,1.0
12836,36031,25.6,2770520.0,0.0315,1.0
12837,36115,1141.3,35969508.0,1.0,1.0
12838,36115,237.7,14088960.0,1.0,1.0
12839,36115,13615.2,80171136.0,0.9977,1.0
12839,36113,31.7,200434.0,0.0023,1.0
12841,36115,274.3,55333766.0,1.0,1.0
12842,36041,828.8,426239399.0,1.0,1.0
12843,36113,282.4,83644667.0,1.0,1.0
12844,36115,74.3,6991921.0,0.8096,1.0
12844,36113,17.5,808939.0,0.1904,1.0
12845,36113,5626.9,116632498.0,1.0,1.0
12846,36113,3170.0,139182436.0,1.0,1.0
12847,36041,941.7,1068471843.0,0.9242,1.0
12847,36089,77.3,98923905.0,0.0758,1.0
12849,36115,278.9,6748128.0,1.0,1.0
12850,36091,3750.2,105458361.0,1.0,1.0
12851,36031,232.6,221643452.0,1.0,1.0
12852,36031,538.0,512694484.0,1.0,1.0
12853,36113,1125.8,204982707.0,0.9981,1.0
12853,36031,2.1,1989267.0,0.0019,1.0
12854,36115,11.1,269369.0,1.0,1.0
12855,36031,487.9,464905946.0,1.0,1.0
12856,36113,561.6,166332469.0,1.0,1.0
12857,36031,390.2,173969025.0,0.9321,1.0
12857,36113,28.4,3140445.0,0.0679,1.0
12858,36031,245.8,44517957.0,1.0,1.0
12859,36091,2455.1,51542184.0,1.0,1.0
12860,36113,250.1,30159863.0,1.0,1.0
12861,36115,407.5,82212047.0,0.7252,1.0
12861,36031,154.4,854045.0,0.2748,1.0
12862,36113,128.8,27618319.0,1.0,1.0
12863,36091,743.1,9852434.0,1.0,1.0
12864,36041,1.1,546523.0,1.0,1.0
12865,36115,3362.6,187167163.0,1.0,1.0
12866,36091,38176.6,166583816.0,1.0,1.0
12870,36031,1379.4,249868655.0,0.9677,1.0
12870,36113,46.1,5090325.0,0.0323,1.0
12871,36091,4657.8,72318140.0,1.0,1.0
12872,36031,15.5,2801642.0,1.0,1.0
12873,36115,1041.0,54711703.0,1.0,1.0
12874,36113,394.3,55052032.0,1.0,1.0
12878,36113,1167.7,278716852.0,1.0,1.0
12883,36031,4616.3,216367515.0,0.9971,1.0
12883,36115,13.5,2716151.0,0.0029,1.0
12884,36091,636.0,1148043.0,1.0,1.0
12885,36113,3208.8,207984032.0,1.0,1.0
12886,36113,41.8,12393233.0,1.0,1.0
12887,36115,5556.0,232314596.0,1.0,1.0
12901,36019,29840.7,182859469.0,1.0,1.0
12903,36019,2728.3,10975078.0,1.0,1.0
12910,36019,2403.9,168166961.0,1.0,1.0
12911,36019,98.2,3272976.0,0.9111,1.0
12911,36031,9.6,787070.0,0.0889,1.0
12912,36019,1547.9,189316131.0,0.6628,1.0
12912,36031,787.7,58638046.0,0.3372,1.0
12913,36031,312.6,35123440.0,0.637,1.0
12913,36033,178.1,43920681.0,0.363,1.0
12914,36033,1042.8,65754195.0,0.8614,1.0
12914,36089,167.8,12530317.0,0.1386,1.0
12915,36033,0.8,429758.0,1.0,1.0
12916,36033,1892.8,106327894.0,1.0,1.0
12917,36033,1653.8,116739676.0,1.0,1.0
12918,36019,2933.1,110144087.0,1.0,1.0
12919,36019,3644.3,96896912.0,1.0,1.0
12920,36033,2025.5,191494814.0,0.9382,1.0
12920,36019,133.4,15056506.0,0.0618,1.0
12921,36019,2946.8,82158523.0,1.0,1.0
12922,36089,168.7,215947773.0,1.0,1.0
12923,36019,978.5,110407095.0,1.0,1.0
12924,36019,220.4,7343615.0,1.0,1.0
12926,36033,1819.7,122656924.0,1.0,1.0
12927,36089,499.2,298712545.0,1.0,1.0
12928,36031,1892.2,188034201.0,1.0,1.0
12929,36019,26.1,3227446.0,1.0,1.0
12930,36033,664.9,88962445.0,0.9954,1.0
12930,36089,3.1,3918042.0,0.0046,1.0
12932,36031,1155.7,181829393.0,1.0,1.0
12933,36019,0.6,70856.0,1.0,1.0
12934,36019,1603.7,180944134.0,1.0,1.0
12935,36019,2505.2,255671581.0,1.0,1.0
12936,36031,868.8,105806441.0,1.0,1.0
12937,36033,1414.0,89157031.0,1.0,1.0
12939,36033,67.1,16552108.0,1.0,1.0
12941,36031,1210.8,90954581.0,1.0,1.0
12942,36031,395.6,135590089.0,1.0,1.0
12943,36031,779.8,267242853.0,1.0,1.0
12944,36031,2576.5,206947219.0,0.7496,1.0
12944,36019,860.6,28672724.0,0.2504,1.0
12945,36033,1627.3,87568392.0,1.0,1.0
12946,36031,6039.1,355269804.0,1.0,1.0
12950,36031,827.5,133718360.0,1.0,1.0
12952,36019,626.7,75961060.0,1.0,1.0
12953,36033,12318.6,550823565.0,1.0,1.0
12955,36019,541.9,61145906.0,1.0,1.0
12956,36031,1251.4,24438364.0,1.0,1.0
12957,36033,1829.8,91622655.0,1.0,1.0
12958,36019,1286.5,91623965.0,1.0,1.0
12959,36019,1544.4,110380391.0,1.0,1.0
12960,36031,1370.6,63543556.0,1.0,1.0
12961,36031,474.0,39143195.0,1.0,1.0
12962,36019,5073.7,99159719.0,1.0,1.0
12964,36031,232.2,82814236.0,1.0,1.0
12965,36089,186.9,24120179.0,1.0,1.0
12966,36033,3177.3,218786984.0,1.0,1.0
12967,36089,940.0,84642737.0,0.9843,1.0
12967,36033,15.0,2020288.0,0.0157,1.0
12969,36033,882.3,287460666.0,1.0,1.0
12970,36033,726.0,282351315.0,1.0,1.0
12972,36019,7094.1,197431593.0,1.0,1.0
12973,36089,61.2,78359670.0,1.0,1.0
12974,36031,948.0,17621711.0,1.0,1.0
12975,36031,93.5,7681564.0,1.0,1.0
12976,36033,292.8,72196952.0,1.0,1.0
12977,36031,34.8,3220545.0,1.0,1.0
12978,36019,20.9,2837499.0,1.0,1.0
12979,36019,731.3,10764531.0,1.0,1.0
12980,36033,901.8,516767508.0,0.907,1.0
12980,36089,92.5,118411673.0,0.093,1.0
12981,36019,2109.1,286023508.0,0.9691,1.0
12981,36033,67.3,16583341.0,0.0309,1.0
12983,36031,2456.0,145634767.0,0.7132,1.0
12983,36033,987.8,154191814.0,0.2868,1.0
12985,36019,1916.5,132063271.0,1.0,1.0
12986,36033,7011.1,558090968.0,0.9799,1.0
12986,36089,143.8,184061881.0,0.0201,1.0
12987,36031,358.6,26701589.0,1.0,1.0
12989,36033,1505.2,371140685.0,1.0,1.0
12992,36019,4921.7,170300224.0,1.0,1.0
12993,36031,1173.9,167409306.0,1.0,1.0
12996,36031,1706.9,99222772.0,1.0,1.0
12997,36031,1503.4,168929649.0,1.0,1.0
12998,36031,275.1,19288867.0,1.0,1.0
13020,36067,20.7,1211234.0,1.0,1.0
13021,36011,38290.3,307620354.0,0.9976,1.0
13021,36067,91.5,1061954.0,0.0024,1.0
13024,36011,181.1,107577.0,1.0,1.0
13026,36011,1264.5,67947609.0,1.0,1.0
13027,36067,31154.2,172206438.0,0.9991,1.0
13027,36011,27.9,1244576.0,0.0009,1.0
13028,36075,1369.4,43818862.0,1.0,1.0
13029,36067,7896.9,45693146.0,1.0,1.0
13030,36053,1794.3,18816310.0,0.629,1.0
13030,36067,1058.5,10402010.0,0.371,1.0
13031,36067,18541.3,62961321.0,1.0,1.0
13032,36053,13081.5,213131909.0,0.9984,1.0
13032,36065,21.4,652247.0,0.0016,1.0
13033,36011,3822.6,158530108.0,1.0,1.0
13034,36011,2309.0,63410099.0,1.0,1.0
13035,36053,7845.5,188587743.0,0.9648,1.0
13035,36067,286.1,6132367.0,0.0352,1.0
13036,36075,8169.2,119385324.0,1.0,1.0
13037,36053,9006.1,105287989.0,0.9718,1.0
13037,36067,261.1,4841323.0,0.0282,1.0
13039,36067,16657.6,61024673.0,1.0,1.0
13040,36023,2831.7,218313367.0,0.9118,1.0
13040,36017,274.1,40106956.0,0.0882,1.0
13041,36067,13469.6,46807086.0,1.0,1.0
13042,36065,1842.4,56561434.0,0.6367,1.0
13042,36075,1051.1,32385172.0,0.3633,1.0
13044,36075,2446.2,77899959.0,1.0,1.0
13045,36023,26814.8,237570468.0,0.953,1.0
13045,36109,903.4,17035348.0,0.0321,1.0
13045,36011,417.9,24728537.0,0.0149,1.0
13051,36067,26.0,951162.0,1.0,1.0
13052,36053,644.5,57477695.0,0.4449,1.0
13052,36017,369.6,50573617.0,0.2551,1.0
13052,36023,325.2,39325759.0,0.2245,1.0
13052,36067,109.3,6382016.0,0.0755,1.0
13053,36109,3357.0,51984200.0,0.8389,1.0
13053,36023,644.5,38166980.0,0.1611,1.0
13054,36065,1968.4,60005230.0,1.0,1.0
13057,36067,18668.2,71748677.0,1.0,1.0
13060,36067,2569.7,41849281.0,1.0,1.0
13061,36053,1098.6,69968024.0,1.0,1.0
13062,36109,113.9,1762941.0,1.0,1.0
13063,36067,1959.2,94782587.0,1.0,1.0
13065,36099,58.1,2285630.0,1.0,1.0
13066,36067,11515.7,38314472.0,1.0,1.0
13068,36109,7528.8,131021568.0,1.0,1.0
13069,36075,24024.5,281512269.0,0.995,1.0
13069,36067,121.5,3016534.0,0.005,1.0
13071,36011,930.8,62522254.0,1.0,1.0
13072,36053,1041.7,92949815.0,0.8411,1.0
13072,36017,196.7,26921439.0,0.1589,1.0
13073,36109,5690.5,139149424.0,0.9898,1.0
13073,36011,58.7,3471904.0,0.0102,1.0
13074,36075,4701.4,103611452.0,0.9725,1.0
13074,36011,133.2,5944277.0,0.0275,1.0
13076,36075,2379.0,38636789.0,1.0,1.0
13077,36023,6293.6,149087539.0,0.9126,1.0
13077,36067,517.8,24362581.0,0.0751,1.0
13077,36011,84.9,4326537.0,0.0123,1.0
13078,36067,11271.3,99829619.0,1.0,1.0
13080,36067,2559.8,45771825.0,0.6892,1.0
13080,36011,1154.1,27240469.0,0.3108,1.0
13081,36011,1197.3,74312736.0,1.0,1.0
13082,36067,2388.2,29498599.0,0.5901,1.0
13082,36053,1658.6,33552595.0,0.4099,1.0
13083,36075,2534.9,152053398.0,0.9911,1.0
13083,36045,22.6,2309144.0,0.0089,1.0
13084,36067,4770.8,110190858.0,1.0,1.0
13087,36023,60.3,2458012.0,1.0,1.0
13088,36067,24285.7,21578630.0,1.0,1.0
13090,36067,27715.1,37849463.0,1.0,1.0
13092,36011,1949.3,117453014.0,0.8386,1.0
13092,36109,375.3,11857092.0,0.1614,1.0
13101,36023,2026.1,99423634.0,1.0,1.0
13102,36109,8.2,150734.0,1.0,1.0
13103,36075,49.9,1008432.0,1.0,1.0
13104,36067,16290.2,118801410.0,0.9905,1.0
13104,36053,156.6,4726225.0,0.0095,1.0
13108,36067,6937.0,77047816.0,1.0,1.0
13110,36067,2040.4,62488856.0,1.0,1.0
13111,36011,1436.9,58464782.0,0.7481,1.0
13111,36075,483.7,12451545.0,0.2519,1.0
13112,36067,2713.4,52695756.0,1.0,1.0
13113,36011,2.6,90280.0,1.0,1.0
13114,36075,6536.1,163246392.0,1.0,1.0
13115,36075,77.7,661232.0,1.0,1.0
13116,36067,1432.2,3371230.0,1.0,1.0
13117,36011,76.8,2505526.0,1.0,1.0
13118,36011,5417.8,266745629.0,1.0,1.0
13119,36067,13.9,161407.0,1.0,1.0
13120,36067,3336.7,41007090.0,1.0,1.0
13121,36075,33.1,903541.0,1.0,1.0
13122,36053,930.8,40801368.0,0.8367,1.0
13122,36067,181.7,9132655.0,0.1633,1.0
13123,36065,24.2,743200.0,1.0,1.0
13124,36017,95.1,13066867.0,1.0,1.0
13126,36075,35127.0,258355293.0,0.9982,1.0
13126,36011,64.6,2381470.0,0.0018,1.0
13131,36075,3485.3,136080244.0,1.0,1.0
13132,36075,3491.4,59915496.0,1.0,1.0
13134,36053,4.7,213791.0,1.0,1.0
13135,36075,4844.0,61226328.0,0.6118,1.0
13135,36067,3073.3,21692665.0,0.3882,1.0
13136,36017,330.9,46753451.0,0.9993,1.0
13136,36023,0.2,29056.0,0.0007,1.0
13138,36067,2.9,106349.0,1.0,1.0
13140,36011,3847.6,137266183.0,1.0,1.0
13141,36023,425.1,24212735.0,0.5634,1.0
13141,36067,329.4,13130437.0,0.4366,1.0
13142,36075,6340.6,187049123.0,1.0,1.0
13143,36117,2136.4,64165709.0,0.6433,1.0
13143,36011,1184.7,51892069.0,0.3567,1.0
13144,36075,1033.6,96124577.0,1.0,1.0
13145,36075,1544.9,40337564.0,1.0,1.0
13146,36117,2296.9,131445519.0,0.9687,1.0
13146,36099,74.2,4846871.0,0.0313,1.0
13147,36011,1416.2,91542939.0,1.0,1.0
13148,36099,9614.4,161243881.0,1.0,1.0
13152,36067,6665.2,140529975.0,0.9218,1.0
13152,36011,565.8,23359877.0,0.0782,1.0
13153,36067,128.4,1490553.0,1.0,1.0
13154,36117,17.1,809194.0,1.0,1.0
13155,36017,455.7,63073860.0,1.0,1.0
13156,36011,2046.5,75462270.0,0.9845,1.0
13156,36117,28.2,718437.0,0.0136,1.0
13156,36075,4.0,34116.0,0.0019,1.0
13157,36065,35.3,1083707.0,1.0,1.0
13158,36023,1190.3,143935890.0,0.8857,1.0
13158,36067,153.6,8968838.0,0.1143,1.0
13159,36067,4738.8,136168360.0,0.8623,1.0
13159,36023,756.5,64094571.0,0.1377,1.0
13160,36011,1926.0,58669610.0,1.0,1.0
13162,36065,150.4,4584210.0,1.0,1.0
13163,36053,41.1,944342.0,1.0,1.0
13164,36067,1906.1,28848409.0,1.0,1.0
13165,36099,10546.0,176713337.0,1.0,1.0
13166,36011,5295.1,103950058.0,0.9802,1.0
13166,36067,106.8,1909013.0,0.0198,1.0
13167,36075,3834.3,95005683.0,1.0,1.0
13202,36067,7286.2,2602753.0,1.0,1.0
13203,36067,16641.1,4402887.0,1.0,1.0
13204,36067,18322.0,11023686.0,1.0,1.0
13205,36067,18985.7,9384631.0,1.0,1.0
13206,36067,15319.4,10525024.0,1.0,1.0
13207,36067,12322.1,8353307.0,1.0,1.0
13208,36067,23176.1,10593797.0,1.0,1.0
13209,36067,13888.3,33867916.0,1.0,1.0
13210,36067,21592.6,9754162.0,1.0,1.0
13211,36067,5432.4,11826170.0,1.0,1.0
13212,36067,21500.5,28762855.0,1.0,1.0
13214,36067,5712.5,9092328.0,1.0,1.0
13215,36067,13703.2,86834693.0,1.0,1.0
13219,36067,12773.4,13003141.0,1.0,1.0
13224,36067,8513.4,7429513.0,1.0,1.0
13244,36067,7818.3,1872962.0,1.0,1.0
13290,36067,175.9,679298.0,1.0,1.0
13301,36065,64.1,2999690.0,1.0,1.0
13302,36075,1431.7,117204607.0,1.0,1.0
13303,36065,1144.8,89460635.0,1.0,1.0
13304,36065,1293.7,40907185.0,0.9339,1.0
13304,36043,91.5,4750962.0,0.0661,1.0
13305,36049,28.3,2986650.0,1.0,1.0
13308,36065,2886.2,98114773.0,1.0,1.0
13309,36065,5346.9,276631839.0,0.8934,1.0
13309,36049,638.3,99544996.0,0.1066,1.0
13310,36053,684.7,21836250.0,1.0,1.0
13312,36049,307.9,178878245.0,1.0,1.0
13313,36065,181.5,8558108.0,1.0,1.0
13314,36053,61.8,5792483.0,1.0,1.0
13315,36077,1470.1,126255786.0,1.0,1.0
13316,36065,7426.5,300679106.0,0.8969,1.0
13316,36049,695.3,127623726.0,0.084,1.0
13316,36075,158.8,11660210.0,0.0192,1.0
13317,36057,3451.2,113775031.0,0.9812,1.0
13317,36077,66.0,6976949.0,0.0188,1.0
13318,36065,1945.8,63806677.0,1.0,1.0
13319,36065,613.2,2548707.0,1.0,1.0
13320,36077,1862.8,204562217.0,0.9988,1.0
13320,36057,2.3,73581.0,0.0012,1.0
13321,36065,217.2,1501043.0,1.0,1.0
13322,36065,682.7,13794939.0,0.6399,1.0
13322,36043,384.2,20698928.0,0.3601,1.0
13323,36065,11170.1,100703868.0,1.0,1.0
13324,36043,2038.5,349851261.0,1.0,1.0
13325,36049,1458.9,267781456.0,1.0,1.0
13326,36077,3589.4,238415670.0,1.0,1.0
13327,36049,2126.4,362903808.0,1.0,1.0
13328,36065,1678.5,40788825.0,1.0,1.0
13329,36043,2360.3,41353312.0,0.7146,1.0
13329,36035,942.5,101968539.0,0.2854,1.0
13331,36043,463.7,427140484.0,0.989,1.0
13331,36041,5.2,5682407.0,0.011,1.0
13332,36053,1867.0,117003854.0,0.7589,1.0
13332,36017,593.2,28045249.0,0.2411,1.0
13333,36077,39.7,4199402.0,1.0,1.0
13334,36053,1846.6,75680606.0,1.0,1.0
13335,36077,1628.7,92439491.0,1.0,1.0
13337,36077,1130.0,43485787.0,1.0,1.0
13338,36065,1199.3,138157707.0,0.7081,1.0
13338,36043,494.3,455327306.0,0.2919,1.0
13339,36057,6475.6,204686309.0,0.8748,1.0
13339,36043,701.6,50587127.0,0.0948,1.0
13339,36035,225.3,17249872.0,0.0304,1.0
13340,36043,8249.5,156294092.0,1.0,1.0
13342,36077,160.8,15201871.0,1.0,1.0
13343,36049,1578.2,150489891.0,1.0,1.0
13345,36049,200.0,13953288.0,1.0,1.0
13346,36053,6032.0,91652076.0,1.0,1.0
13348,36077,1697.6,92506617.0,1.0,1.0
13350,36043,9013.9,81965902.0,1.0,1.0
13352,36065,27.2,718922.0,1.0,1.0
13353,36041,326.5,494760270.0,1.0,1.0
13354,36065,4337.0,138107557.0,1.0,1.0
13355,36053,1326.1,84152711.0,1.0,1.0
13357,36043,9300.2,76534232.0,1.0,1.0
13360,36041,138.6,152865596.0,1.0,1.0
13361,36043,889.1,56773152.0,0.8462,1.0
13361,36077,161.5,17069901.0,0.1538,1.0
13363,36065,2291.5,60761805.0,1.0,1.0
13364,36053,81.5,7639833.0,1.0,1.0
13365,36043,8919.9,319999991.0,1.0,1.0
13367,36049,8863.6,766151048.0,0.9494,1.0
13367,36043,472.2,434938705.0,0.0506,1.0
13368,36049,579.8,62155216.0,1.0,1.0
13402,36053,1332.3,57685325.0,0.9227,1.0
13402,36065,111.5,4320369.0,0.0773,1.0
13403,36065,7568.0,72125305.0,1.0,1.0
13404,36049,36.8,4279777.0,1.0,1.0
13406,36043,190.0,11981456.0,1.0,1.0
13407,36043,6006.5,146131117.0,1.0,1.0
13408,36053,2502.0,87964251.0,1.0,1.0
13409,36053,2124.7,87854936.0,0.934,1.0
13409,36065,150.1,5415807.0,0.066,1.0
13410,36057,38.5,1278385.0,1.0,1.0
13411,36017,1814.1,84850409.0,0.6148,1.0
13411,36077,1136.8,98551991.0,0.3852,1.0
13413,36065,14923.2,44345138.0,0.9846,1.0
13413,36043,233.2,5598944.0,0.0154,1.0
13415,36077,56.4,5333653.0,1.0,1.0
13416,36043,2106.1,130253848.0,1.0,1.0
13417,36065,3015.9,3675637.0,1.0,1.0
13418,36053,148.2,13888542.0,1.0,1.0
13420,36043,416.7,383806443.0,1.0,1.0
13421,36053,10357.8,78824935.0,0.9011,1.0
13421,36065,1136.6,25063319.0,0.0989,1.0
13424,36065,2620.4,31124905.0,1.0,1.0
13425,36065,1487.1,57362359.0,0.8734,1.0
13425,36053,215.7,9314938.0,0.1266,1.0
13428,36057,1330.8,43150864.0,1.0,1.0
13431,36043,1546.6,82216773.0,0.8661,1.0
13431,36065,239.2,11302745.0,0.1339,1.0
13433,36049,592.8,147821838.0,1.0,1.0
13435,36065,42.2,1114411.0,1.0,1.0
13436,36041,76.1,83932430.0,1.0,1.0
13437,36075,918.9,187250642.0,0.7353,1.0
13437,36049,330.8,60727839.0,0.2647,1.0
13438,36065,2921.6,186787832.0,0.8801,1.0
13438,36043,398.1,61222465.0,0.1199,1.0
13439,36077,2634.6,136432687.0,0.609,1.0
13439,36043,1691.8,91141818.0,0.391,1.0
13440,36065,39126.0,301853636.0,1.0,1.0
13441,36065,102.3,8786674.0,1.0,1.0
13450,36077,90.6,8784151.0,1.0,1.0
13452,36057,2619.5,47251179.0,0.6555,1.0
13452,36035,1376.5,148926707.0,0.3445,1.0
13454,36043,513.8,33251776.0,1.0,1.0
13455,36065,13.4,440250.0,1.0,1.0
13456,36065,4189.4,56860341.0,0.9443,1.0
13456,36043,247.2,9291766.0,0.0557,1.0
13457,36077,38.4,3178230.0,1.0,1.0
13459,36095,2145.0,117044413.0,0.8666,1.0
13459,36057,297.7,9848863.0,0.1203,1.0
13459,36077,32.5,3756141.0,0.0131,1.0
13460,36017,3761.5,165604728.0,0.9806,1.0
13460,36053,74.2,6958242.0,0.0194,1.0
13461,36065,3048.6,6376380.0,1.0,1.0
13464,36017,1446.4,101362766.0,0.9864,1.0
13464,36053,20.0,1783188.0,0.0136,1.0
13468,36077,148.5,15687550.0,1.0,1.0
13469,36065,505.3,8019019.0,1.0,1.0
13470,36035,1511.9,163570758.0,0.843,1.0
13470,36043,281.6,69743808.0,0.157,1.0
13471,36065,2465.3,166660083.0,0.9223,1.0
13471,36049,207.8,38147552.0,0.0777,1.0
13472,36043,38.9,35811430.0,1.0,1.0
13473,36049,624.2,105856545.0,1.0,1.0
13475,36043,79.5,5734293.0,1.0,1.0
13476,36065,3081.9,59434249.0,1.0,1.0
13477,36065,2242.8,46625853.0,1.0,1.0
13478,36065,3045.7,90537061.0,1.0,1.0
13480,36065,3648.4,129181347.0,0.9511,1.0
13480,36053,187.6,12825206.0,0.0489,1.0
13482,36077,119.0,11246823.0,1.0,1.0
13483,36065,466.3,22865980.0,0.9956,1.0
13483,36075,2.1,429941.0,0.0044,1.0
13484,36053,2.6,71415.0,1.0,1.0
13485,36053,949.2,88977903.0,0.6769,1.0
13485,36077,239.7,13355336.0,0.1709,1.0
13485,36017,213.3,8441471.0,0.1521,1.0
13486,36065,773.5,69003885.0,1.0,1.0
13488,36077,100.4,12546209.0,1.0,1.0
13489,36049,440.4,80829669.0,1.0,1.0
13490,36065,1345.3,25509104.0,1.0,1.0
13491,36043,1372.5,73940158.0,0.4691,1.0
13491,36077,1341.7,100887614.0,0.4585,1.0
13491,36053,210.0,19689536.0,0.0718,1.0
13491,36065,1.7,82279.0,0.0006,1.0
13492,36065,11445.9,39633822.0,1.0,1.0
13493,36075,1819.1,182050548.0,0.9941,1.0
13493,36065,10.7,856689.0,0.0059,1.0
13494,36065,373.0,43880920.0,1.0,1.0
13495,36065,2786.9,2242191.0,1.0,1.0
13501,36065,38399.9,22901195.0,1.0,1.0
13501,36043,0.1,2004.0,0.0,1.0
13502,36065,31287.3,93661709.0,0.9614,1.0
13502,36043,1255.4,39528029.0,0.0386,1.0
13601,36045,36257.3,343516711.0,0.9926,1.0
13601,36049,269.4,21040918.0,0.0074,1.0
13602,36045,10330.2,29727227.0,1.0,1.0
13603,36045,6375.5,14340032.0,1.0,1.0
13605,36045,3955.3,202138107.0,1.0,1.0
13606,36045,3913.9,90672229.0,1.0,1.0
13607,36045,851.3,42320433.0,1.0,1.0
13608,36045,1349.4,93549284.0,0.9212,1.0
13608,36089,115.5,12114630.0,0.0788,1.0
13611,36045,54.4,4667775.0,1.0,1.0
13612,36045,2293.0,49061351.0,1.0,1.0
13613,36089,2808.2,210340552.0,1.0,1.0
13614,36089,272.5,22632999.0,1.0,1.0
13615,36045,74.2,1653485.0,1.0,1.0
13616,36045,408.2,14401829.0,1.0,1.0
13617,36089,12076.4,343044947.0,1.0,1.0
13618,36045,1777.3,125815257.0,1.0,1.0
13619,36045,9200.3,158366578.0,0.868,1.0
13619,36049,1398.8,133525820.0,0.132,1.0
13620,36049,937.9,96385591.0,1.0,1.0
13621,36089,1547.1,74052487.0,1.0,1.0
13622,36045,2311.3,136978346.0,1.0,1.0
13623,36089,11.0,1154183.0,1.0,1.0
13624,36045,4117.6,163995893.0,1.0,1.0
13625,36089,2007.9,141214566.0,1.0,1.0
13626,36049,2365.0,195919255.0,0.8194,1.0
13626,36045,521.2,30841917.0,0.1806,1.0
13628,36045,72.4,516657.0,1.0,1.0
13630,36089,1487.2,118683670.0,1.0,1.0
13632,36045,102.9,4329571.0,1.0,1.0
13633,36089,506.1,47586962.0,1.0,1.0
13634,36045,3700.1,125262815.0,1.0,1.0
13635,36089,1141.3,121079931.0,1.0,1.0
13636,36045,86.0,8763742.0,1.0,1.0
13637,36045,4683.8,91105101.0,1.0,1.0
13638,36045,71.5,2090045.0,1.0,1.0
13639,36089,17.5,8738216.0,1.0,1.0
13640,36045,905.9,31905314.0,1.0,1.0
13641,36045,46.0,1060051.0,1.0,1.0
13642,36089,8877.4,449597486.0,0.9943,1.0
13642,36045,50.5,40085647.0,0.0057,1.0
13643,36045,6.6,112219.0,1.0,1.0
13645,36089,0.3,33017.0,1.0,1.0
13646,36089,2775.2,268930991.0,0.9722,1.0
13646,36045,79.3,3069898.0,0.0278,1.0
13647,36089,60.0,3711058.0,1.0,1.0
13648,36049,1707.6,257852140.0,0.5847,1.0
13648,36089,1212.7,191013385.0,0.4153,1.0
13649,36089,84.8,6328073.0,1.0,1.0
13650,36045,1454.9,106560208.0,1.0,1.0
13651,36045,86.5,5514172.0,1.0,1.0
13652,36089,2288.5,191779601.0,1.0,1.0
13654,36089,2208.0,170984533.0,1.0,1.0
13655,36033,3683.6,50527996.0,1.0,1.0
13656,36045,4198.3,225704034.0,1.0,1.0
13658,36089,3073.9,206497226.0,1.0,1.0
13659,36045,1487.2,145794189.0,1.0,1.0
13660,36089,2260.8,152342701.0,1.0,1.0
13661,36045,1123.7,113225815.0,0.9557,1.0
13661,36075,52.1,4179285.0,0.0443,1.0
13662,36089,14931.7,231132291.0,1.0,1.0
13664,36089,30.4,2525278.0,1.0,1.0
13665,36045,878.0,17897427.0,0.5519,1.0
13665,36049,713.0,75324969.0,0.4481,1.0
13666,36089,208.7,104065134.0,1.0,1.0
13667,36089,3250.3,121616548.0,1.0,1.0
13668,36089,2598.9,95232260.0,1.0,1.0
13669,36089,14224.1,262831774.0,1.0,1.0
13670,36089,412.3,205640536.0,1.0,1.0
13672,36089,385.4,371051585.0,1.0,1.0
13673,36045,2261.3,105635130.0,1.0,1.0
13674,36045,1.3,135677.0,1.0,1.0
13675,36045,44.5,3878972.0,1.0,1.0
13676,36089,13917.2,413632578.0,1.0,1.0
13678,36089,170.7,5699378.0,1.0,1.0
13679,36045,2472.8,118404125.0,0.8667,1.0
13679,36089,380.2,39894864.0,0.1333,1.0
13680,36089,1792.3,99423600.0,1.0,1.0
13681,36089,1020.6,88176202.0,1.0,1.0
13682,36045,1429.6,82506215.0,0.9443,1.0
13682,36049,84.4,6591793.0,0.0557,1.0
13683,36089,38.5,426470.0,1.0,1.0
13684,36089,2130.3,420279415.0,1.0,1.0
13685,36045,1563.8,37062892.0,1.0,1.0
13687,36089,542.7,196345208.0,1.0,1.0
13690,36089,282.6,140950988.0,1.0,1.0
13691,36045,2903.5,181137236.0,0.9908,1.0
13691,36089,26.8,2815823.0,0.0092,1.0
13692,36045,32.9,758832.0,1.0,1.0
13693,36045,736.5,53482728.0,1.0,1.0
13694,36089,655.6,46882606.0,1.0,1.0
13695,36089,107.8,53759451.0,1.0,1.0
13696,36089,98.2,7331864.0,1.0,1.0
13697,36089,2195.7,167980818.0,1.0,1.0
13699,36089,652.5,730080.0,1.0,1.0
13730,36017,2608.2,115815836.0,0.9438,1.0
13730,36007,155.4,17026820.0,0.0562,1.0
13731,36025,1328.3,232656761.0,1.0,1.0
13732,36107,6499.6,85262358.0,1.0,1.0
13733,36017,3634.6,202309259.0,0.9156,1.0
13733,36077,176.6,5062687.0,0.0445,1.0
13733,36025,158.5,21205278.0,0.0399,1.0
13734,36107,3069.5,103453886.0,1.0,1.0
13736,36107,1570.2,119400726.0,0.6633,1.0
13736,36109,643.6,31887182.0,0.2719,1.0
13736,36007,153.4,7007268.0,0.0648,1.0
13738,36023,16.6,484825.0,1.0,1.0
13739,36025,1022.5,101563702.0,1.0,1.0
13740,36025,1013.7,93019510.0,1.0,1.0
13743,36107,3213.5,156138635.0,1.0,1.0
13744,36007,1021.6,26299162.0,1.0,1.0
13746,36007,2031.0,52601802.0,0.7377,1.0
13746,36017,722.0,34273284.0,0.2623,1.0
13747,36077,8.0,341681.0,1.0,1.0
13748,36007,2713.3,34974454.0,1.0,1.0
13750,36025,1116.5,55831981.0,0.9457,1.0
13750,36077,64.1,5806281.0,0.0543,1.0
13751,36025,186.6,8457667.0,1.0,1.0
13752,36025,1300.4,141000679.0,1.0,1.0
13753,36025,5618.4,253642468.0,1.0,1.0
13754,36007,1207.1,132218379.0,0.7155,1.0
13754,36025,479.9,69566849.0,0.2845,1.0
13755,36025,653.7,135054946.0,1.0,1.0
13756,36025,993.1,116538327.0,1.0,1.0
13757,36025,1103.5,92226500.0,1.0,1.0
13760,36007,38664.3,91538910.0,0.9553,1.0
13760,36107,1808.1,36143919.0,0.0447,1.0
13774,36025,105.3,15656987.0,1.0,1.0
13775,36025,1417.2,123883460.0,0.9656,1.0
13775,36077,50.5,2197901.0,0.0344,1.0
13776,36077,247.1,16324875.0,1.0,1.0
13777,36007,559.2,19659172.0,1.0,1.0
13778,36017,4593.2,230753563.0,0.9074,1.0
13778,36007,468.6,16631112.0,0.0926,1.0
13780,36017,1386.7,58983291.0,1.0,1.0
13782,36025,495.4,92947581.0,1.0,1.0
13783,36025,1971.9,290190192.0,0.9941,1.0
13783,36007,11.6,1273365.0,0.0059,1.0
13784,36023,45.0,2667475.0,1.0,1.0
13786,36025,289.3,20108080.0,1.0,1.0
13787,36007,2476.7,104776909.0,0.6838,1.0
13787,36017,1145.3,52635536.0,0.3162,1.0
13788,36025,1005.1,89508863.0,1.0,1.0
13790,36007,19386.2,70418424.0,1.0,1.0
13795,36007,3345.7,61896895.0,1.0,1.0
13796,36077,1218.3,63273669.0,1.0,1.0
13797,36007,2035.3,87055017.0,1.0,1.0
13801,36017,1588.8,166349642.0,1.0,1.0
13802,36007,1040.4,27758557.0,1.0,1.0
13803,36023,3863.7,217984385.0,0.8756,1.0
13803,36007,549.0,24154800.0,0.1244,1.0
13804,36025,203.2,27187123.0,1.0,1.0
13806,36025,101.2,10209912.0,1.0,1.0
13807,36077,1186.3,55600343.0,1.0,1.0
13808,36077,1432.6,95137172.0,1.0,1.0
13809,36077,1210.1,46299708.0,0.5397,1.0
13809,36017,1032.0,40925439.0,0.4603,1.0
13810,36077,1275.6,98423873.0,1.0,1.0
13811,36107,3813.1,146724847.0,0.8789,1.0
13811,36007,525.5,14421835.0,0.1211,1.0
13812,36107,2407.2,81114934.0,1.0,1.0
13813,36007,1209.8,67397501.0,0.8807,1.0
13813,36017,163.9,7496923.0,0.1193,1.0
13814,36017,1.9,72420.0,1.0,1.0
13815,36017,12216.5,280294032.0,1.0,1.0
13820,36077,22145.5,195634420.0,0.9403,1.0
13820,36025,1406.9,82361441.0,0.0597,1.0
13825,36077,3130.2,144234796.0,0.9905,1.0
13825,36025,30.1,2360932.0,0.0095,1.0
13826,36007,71.2,4427194.0,1.0,1.0
13827,36107,12901.3,234873358.0,1.0,1.0
13830,36017,4807.9,283556209.0,1.0,1.0
13832,36017,575.2,53054376.0,1.0,1.0
13833,36007,3962.9,95372583.0,1.0,1.0
13834,36077,159.2,6815644.0,1.0,1.0
13835,36107,778.6,67092582.0,0.4558,1.0
13835,36007,641.4,29306046.0,0.3755,1.0
13835,36023,288.2,17065445.0,0.1687,1.0
13838,36025,4058.0,21504005.0,0.9929,1.0
13838,36077,28.9,829555.0,0.0071,1.0
13839,36025,1254.9,131068871.0,1.0,1.0
13841,36017,339.0,19052056.0,0.7799,1.0
13841,36023,68.3,3804932.0,0.1571,1.0
13841,36007,27.4,968859.0,0.063,1.0
13842,36025,366.9,35701877.0,1.0,1.0
13843,36017,1198.1,66635253.0,0.5431,1.0
13843,36077,1008.2,68097292.0,0.4569,1.0
13844,36017,757.1,73385969.0,1.0,1.0
13846,36025,194.8,17729155.0,1.0,1.0
13847,36025,0.8,102123.0,1.0,1.0
13849,36077,3138.2,100754408.0,0.771,1.0
13849,36025,932.0,85828568.0,0.229,1.0
13850,36007,28209.1,132253174.0,1.0,1.0
13856,36025,6603.9,465425091.0,1.0,1.0
13859,36077,42.1,1279799.0,1.0,1.0
13860,36025,196.9,8928030.0,1.0,1.0
13861,36077,308.8,9806553.0,1.0,1.0
13862,36007,3437.0,131519059.0,0.9913,1.0
13862,36023,30.0,1671963.0,0.0087,1.0
13863,36023,565.8,31520917.0,0.9796,1.0
13863,36007,11.8,417600.0,0.0204,1.0
13864,36107,1038.0,50558649.0,0.6923,1.0
13864,36109,461.4,16198390.0,0.3077,1.0
13865,36007,6018.9,277959512.0,1.0,1.0
13901,36007,17344.1,59560023.0,1.0,1.0
13902,36007,2768.0,1844246.0,1.0,1.0
13903,36007,18754.6,102192363.0,1.0,1.0
13904,36007,10419.1,61505736.0,1.0,1.0
13905,36007,28158.7,73158042.0,1.0,1.0
14001,36029,8673.0,131392286.0,0.9008,1.0
14001,36063,632.7,21793425.0,0.0657,1.0
14001,36037,322.6,13890001.0,0.0335,1.0
14004,36029,11140.9,103734538.0,0.9553,1.0
14004,36121,354.8,15709907.0,0.0304,1.0
14004,36037,167.1,6448502.0,0.0143,1.0
14005,36037,2150.3,82973200.0,1.0,1.0
14006,36029,9356.7,72841422.0,1.0,1.0
14008,36063,2802.4,64258332.0,1.0,1.0
14009,36121,4903.9,170151864.0,0.9268,1.0
14009,36009,387.4,19436914.0,0.0732,1.0
14011,36121,7340.5,158554092.0,0.9406,1.0
14011,36037,463.2,17873451.0,0.0594,1.0
14012,36063,2593.3,83011856.0,0.9642,1.0
14012,36073,96.3,3845091.0,0.0358,1.0
14013,36037,1598.1,87681721.0,1.0,1.0
14013,36029,0.0,1907356.0,0.0,1.0
14020,36037,22408.5,171692233.0,1.0,1.0
14024,36121,1978.7,154635018.0,0.9219,1.0
14024,36003,167.7,8128684.0,0.0781,1.0
14025,36029,3498.3,54386123.0,1.0,1.0
14026,36029,437.3,2253828.0,1.0,1.0
14027,36029,91.7,2595931.0,1.0,1.0
14028,36063,1558.1,35918090.0,1.0,1.0
14029,36003,95.2,4616555.0,1.0,1.0
14030,36029,989.3,47563799.0,0.7961,1.0
14030,36009,188.7,5346867.0,0.1518,1.0
14030,36121,64.7,1871694.0,0.0521,1.0
14031,36029,12912.7,50126254.0,1.0,1.0
14032,36029,8894.1,61938699.0,1.0,1.0
14033,36029,2898.6,45040693.0,1.0,1.0
14034,36029,1865.0,62525432.0,1.0,1.0
14035,36029,37.8,1780591.0,1.0,1.0
14036,36037,4579.3,138881375.0,1.0,1.0
14037,36121,925.8,40995423.0,0.7382,1.0
14037,36029,328.3,5095728.0,0.2618,1.0
14039,36121,89.1,5192637.0,1.0,1.0
14040,36037,1643.8,63431219.0,0.8347,1.0
14040,36121,325.6,14420392.0,0.1653,1.0
14041,36009,72.1,3295726.0,1.0,1.0
14042,36009,4089.2,120982530.0,1.0,1.0
14043,36029,25778.1,23533646.0,1.0,1.0
14047,36029,5542.3,34039158.0,1.0,1.0
14048,36013,14350.8,59494906.0,1.0,1.0
14051,36029,20240.7,40135545.0,1.0,1.0
14052,36029,17719.7,158585691.0,1.0,1.0
14054,36037,1341.8,63626433.0,0.8899,1.0
14054,36121,165.9,9673041.0,0.1101,1.0
14055,36029,1761.5,81259693.0,1.0,1.0
14056,36037,36.8,696221.0,1.0,1.0
14057,36029,8283.0,119652467.0,1.0,1.0
14058,36037,3024.8,87058452.0,0.923,1.0
14058,36073,252.4,18720533.0,0.077,1.0
14059,36029,9199.7,69799583.0,1.0,1.0
14060,36003,499.4,27764880.0,0.5352,1.0
14060,36009,433.7,22508382.0,0.4648,1.0
14061,36029,9.5,270072.0,1.0,1.0
14062,36013,3551.2,182159033.0,0.9952,1.0
14062,36009,17.3,545973.0,0.0048,1.0
14063,36013,12843.3,131710733.0,1.0,1.0
14065,36009,1035.3,53731013.0,0.5521,1.0
14065,36003,839.8,40713330.0,0.4479,1.0
14066,36121,1292.6,96240929.0,1.0,1.0
14067,36063,3785.0,127737558.0,1.0,1.0
14068,36029,7379.8,9559910.0,1.0,1.0
14069,36029,515.1,19635113.0,1.0,1.0
14070,36029,2761.5,55236159.0,0.5716,1.0
14070,36009,2069.6,76282955.0,0.4284,1.0
14072,36029,21460.6,72926985.0,1.0,1.0
14075,36029,42895.3,102139014.0,1.0,1.0
14080,36029,4553.5,135846106.0,1.0,1.0
14081,36029,1986.6,63995108.0,0.65,1.0
14081,36013,1010.5,17096612.0,0.3306,1.0
14081,36009,59.4,1875360.0,0.0194,1.0
14082,36121,460.9,27456156.0,1.0,1.0
14083,36121,26.9,1602859.0,1.0,1.0
14085,36029,8617.2,19991357.0,1.0,1.0
14086,36029,34549.4,86373310.0,1.0,1.0
14091,36029,1663.4,57754827.0,1.0,1.0
14092,36063,9717.8,54929052.0,1.0,1.0
14094,36063,52806.1,315081480.0,1.0,1.0
14098,36073,2953.9,118048025.0,0.9762,1.0
14098,36063,71.9,2259258.0,0.0238,1.0
14101,36009,2928.6,118177356.0,1.0,1.0
14102,36029,629.8,8714959.0,1.0,1.0
14103,36073,10181.2,204315639.0,1.0,1.0
14105,36063,4775.0,96888648.0,0.854,1.0
14105,36073,570.1,25365166.0,0.102,1.0
14105,36037,246.2,11459550.0,0.044,1.0
14108,36063,4112.1,64296147.0,1.0,1.0
14109,36063,142.9,598033.0,1.0,1.0
14111,36029,3063.2,92119734.0,1.0,1.0
14112,36029,8.5,91795.0,1.0,1.0
14113,36121,907.6,55783592.0,1.0,1.0
14120,36063,42946.6,84477674.0,1.0,1.0
14125,36037,3174.7,100178333.0,0.9934,1.0
14125,36073,21.1,1412906.0,0.0066,1.0
14126,36063,66.0,1718752.0,1.0,1.0
14127,36029,29696.2,105461481.0,1.0,1.0
14129,36009,2178.6,79522298.0,1.0,1.0
14130,36121,8.9,787152.0,1.0,1.0
14131,36063,5725.5,108396996.0,1.0,1.0
14132,36063,6992.5,74309313.0,1.0,1.0
14134,36029,37.8,1817949.0,1.0,1.0
14135,36013,51.6,1969663.0,1.0,1.0
14136,36013,4635.7,62953213.0,1.0,1.0
14138,36009,1539.3,77264083.0,0.7369,1.0
14138,36013,549.7,43765914.0,0.2631,1.0
14139,36029,2932.5,64377258.0,1.0,1.0
14141,36029,7635.5,155440351.0,0.956,1.0
14141,36009,351.7,31779873.0,0.044,1.0
14143,36037,1195.1,40056039.0,1.0,1.0
14145,36121,1021.1,62240743.0,0.833,1.0
14145,36029,204.8,5869179.0,0.167,1.0
14150,36029,42449.6,38502605.0,1.0,1.0
14166,36013,11.4,255767.0,1.0,1.0
14167,36121,1493.9,91279780.0,1.0,1.0
14168,36009,26.2,827654.0,1.0,1.0
14169,36029,12.0,367924.0,1.0,1.0
14170,36029,2955.8,34739848.0,1.0,1.0
14171,36009,1440.4,128842615.0,1.0,1.0
14172,36063,3695.8,68221408.0,1.0,1.0
14173,36009,102.4,1493704.0,1.0,1.0
14174,36063,5484.7,60188737.0,1.0,1.0
14201,36029,12899.5,2852729.0,1.0,1.0
14202,36029,4420.4,2254406.0,1.0,1.0
14203,36029,5023.9,7253149.0,1.0,1.0
14204,36029,6868.9,4638568.0,1.0,1.0
14206,36029,22945.4,12838940.0,1.0,1.0
14207,36029,26434.9,10115470.0,1.0,1.0
14208,36029,11734.8,3006861.0,1.0,1.0
14209,36029,8368.2,2465626.0,1.0,1.0
14210,36029,13320.8,8148076.0,1.0,1.0
14211,36029,25241.9,10199074.0,1.0,1.0
14212,36029,13320.1,5460308.0,1.0,1.0
14213,36029,21890.3,4962233.0,1.0,1.0
14214,36029,22379.3,8621196.0,1.0,1.0
14215,36029,39423.1,12337324.0,1.0,1.0
14216,36029,22308.1,7149314.0,1.0,1.0
14217,36029,22489.5,8296003.0,1.0,1.0
14218,36029,21646.2,20985758.0,1.0,1.0
14219,36029,11274.6,17989800.0,1.0,1.0
14220,36029,23077.1,9928567.0,1.0,1.0
14221,36029,54486.3,60580084.0,1.0,1.0
14222,36029,14554.3,3233300.0,1.0,1.0
14223,36029,21472.1,8955392.0,1.0,1.0
14224,36029,41304.8,52435114.0,1.0,1.0
14225,36029,33222.8,29743122.0,1.0,1.0
14226,36029,28304.8,17847014.0,1.0,1.0
14227,36029,22584.8,21209700.0,1.0,1.0
14228,36029,27582.8,41250461.0,1.0,1.0
14260,36029,830.3,640891.0,1.0,1.0
14261,36029,3687.1,2857929.0,1.0,1.0
14301,36063,9938.1,5355303.0,1.0,1.0
14302,36063,47.9,35992.0,1.0,1.0
14303,36063,7007.4,7027240.0,1.0,1.0
14304,36063,29838.6,55797828.0,1.0,1.0
14305,36063,15727.6,20295343.0,1.0,1.0
14411,36073,13240.8,291932837.0,1.0,1.0
14413,36117,144.7,3090992.0,1.0,1.0
14414,36051,6868.7,100626089.0,0.9931,1.0
14414,36055,47.4,1075049.0,0.0069,1.0
14415,36123,142.4,4292461.0,1.0,1.0
14416,36037,3017.8,91052077.0,0.792,1.0
14416,36055,792.7,13338034.0,0.208,1.0
14418,36123,947.2,87070524.0,0.8801,1.0
14418,36101,129.1,10336010.0,0.1199,1.0
14420,36055,18848.4,152053642.0,0.9976,1.0
14420,36073,44.8,758155.0,0.0024,1.0
14422,36037,2704.1,81014350.0,0.9381,1.0
14422,36073,178.5,4900210.0,0.0619,1.0
14423,36051,4438.4,125063352.0,1.0,1.0
14424,36069,27049.1,335371937.0,1.0,1.0
14425,36069,12632.9,50652867.0,1.0,1.0
14427,36121,1766.4,87190962.0,1.0,1.0
14428,36055,10059.5,120208448.0,1.0,1.0
14432,36069,6373.5,101842949.0,0.9999,1.0
14432,36117,0.4,13017.0,0.0001,1.0
14433,36117,4646.8,160573178.0,0.9606,1.0
14433,36099,190.5,12450248.0,0.0394,1.0
14435,36051,2403.8,94392158.0,1.0,1.0
14437,36051,8102.3,256036586.0,0.9065,1.0
14437,36101,831.5,48861418.0,0.093,1.0
14437,36003,3.7,533628.0,0.0004,1.0
14441,36123,20.4,1017570.0,1.0,1.0
14445,36055,7335.8,5053236.0,1.0,1.0
14450,36055,40929.7,81150165.0,0.9949,1.0
14450,36117,210.7,1819979.0,0.0051,1.0
14453,36069,103.7,828367.0,1.0,1.0
14454,36051,9663.9,123298966.0,1.0,1.0
14456,36069,18523.4,154104483.0,0.9137,1.0
14456,36099,1655.5,43743029.0,0.0817,1.0
14456,36123,94.5,2370595.0,0.0047,1.0
14462,36051,472.4,31057654.0,1.0,1.0
14463,36069,42.1,2092378.0,1.0,1.0
14464,36055,5314.8,74346707.0,0.9821,1.0
14464,36073,96.7,3485115.0,0.0179,1.0
14466,36051,751.4,18780528.0,0.5542,1.0
14466,36069,604.5,26610517.0,0.4458,1.0
14467,36055,10286.9,26617112.0,1.0,1.0
14468,36055,24358.8,136358428.0,1.0,1.0
14469,36069,6247.8,170873427.0,1.0,1.0
14470,36073,7081.4,162460841.0,0.9433,1.0
14470,36055,425.5,6083064.0,0.0567,1.0
14471,36069,2189.4,67339168.0,0.9982,1.0
14471,36051,3.9,252702.0,0.0018,1.0
14472,36055,8005.8,93038882.0,0.8963,1.0
14472,36051,784.3,17767055.0,0.0878,1.0
14472,36069,141.9,3418004.0,0.0159,1.0
14475,36069,186.1,4483129.0,1.0,1.0
14476,36073,1641.8,59185646.0,0.9013,1.0
14476,36055,179.9,2832301.0,0.0987,1.0
14477,36073,1977.9,70465726.0,1.0,1.0
14478,36123,1816.0,35111370.0,1.0,1.0
14479,36073,106.6,4341927.0,1.0,1.0
14480,36051,448.0,3310468.0,1.0,1.0
14481,36051,883.6,58040129.0,1.0,1.0
14482,36037,8096.2,143286215.0,0.9342,1.0
14482,36051,401.0,11769617.0,0.0463,1.0
14482,36055,169.0,2740826.0,0.0195,1.0
14485,36051,3753.4,77187801.0,0.936,1.0
14485,36069,256.4,10208645.0,0.064,1.0
14486,36051,470.7,15173464.0,1.0,1.0
14487,36051,5651.2,65502651.0,0.9129,1.0
14487,36069,538.9,19788106.0,0.0871,1.0
14489,36117,7736.1,167039695.0,0.959,1.0
14489,36069,236.0,7152985.0,0.0293,1.0
14489,36099,94.8,6192656.0,0.0117,1.0
14502,36117,9052.7,89230712.0,0.9385,1.0
14502,36055,593.1,3510617.0,0.0615,1.0
14504,36069,633.2,3061257.0,1.0,1.0
14505,36117,5600.6,102531044.0,1.0,1.0
14506,36055,543.1,8028952.0,1.0,1.0
14507,36123,1483.6,81332805.0,1.0,1.0
14510,36051,6208.2,194788144.0,1.0,1.0
14511,36055,444.1,7202349.0,1.0,1.0
14512,36069,3791.8,176529535.0,0.7769,1.0
14512,36123,844.5,73232588.0,0.173,1.0
14512,36101,184.0,14826267.0,0.0377,1.0
14512,36051,60.7,3940301.0,0.0124,1.0
14513,36117,12645.7,110019279.0,0.9806,1.0
14513,36069,250.0,7145455.0,0.0194,1.0
14514,36055,5684.5,14609195.0,1.0,1.0
14515,36055,18.9,45589.0,1.0,1.0
14516,36117,1767.4,75127049.0,1.0,1.0
14517,36051,1879.6,95796026.0,1.0,1.0
14519,36117,12847.3,106132479.0,0.961,1.0
14519,36055,521.1,2701545.0,0.039,1.0
14521,36099,2247.6,99544051.0,1.0,1.0
14522,36117,8171.6,85421222.0,0.8636,1.0
14522,36069,1290.9,32524261.0,0.1364,1.0
14525,36037,1471.1,69599772.0,0.5828,1.0
14525,36121,723.7,42185048.0,0.2867,1.0
14525,36051,329.3,10614802.0,0.1305,1.0
14526,36055,19501.5,42418137.0,1.0,1.0
14527,36123,12493.6,349407818.0,1.0,1.0
14529,36101,102.4,2779074.0,1.0,1.0
14530,36121,5504.7,124487590.0,0.9826,1.0
14530,36051,97.6,6414369.0,0.0174,1.0
14532,36069,3565.0,93429854.0,0.9459,1.0
14532,36099,204.0,13327278.0,0.0541,1.0
14533,36051,2286.7,74590729.0,0.9961,1.0
14533,36121,9.0,527511.0,0.0039,1.0
14534,36055,33022.0,80684920.0,0.9884,1.0
14534,36069,386.4,3086908.0,0.0116,1.0
14536,36121,427.6,37617178.0,0.6806,1.0
14536,36003,200.6,9726402.0,0.3194,1.0
14537,36069,72.3,1797557.0,1.0,1.0
14539,36051,20.2,649819.0,1.0,1.0
14541,36099,3612.3,124123036.0,1.0,1.0
14542,36117,2.8,133728.0,1.0,1.0
14543,36055,3969.5,65116293.0,1.0,1.0
14544,36123,970.0,49978076.0,0.5067,1.0
14544,36069,944.5,28017308.0,0.4933,1.0
14545,36051,16.4,1190721.0,1.0,1.0
14546,36055,7497.8,90320281.0,0.9847,1.0
14546,36051,116.8,3209534.0,0.0153,1.0
14548,36069,5493.8,74204629.0,1.0,1.0
14549,36121,14.2,502181.0,1.0,1.0
14550,36121,1340.0,56136646.0,1.0,1.0
14551,36117,5194.5,113074562.0,1.0,1.0
14555,36117,337.6,7487360.0,1.0,1.0
14556,36051,913.0,6019437.0,1.0,1.0
14557,36037,65.0,1928919.0,1.0,1.0
14559,36055,17554.8,113264415.0,1.0,1.0
14560,36069,1271.3,60265022.0,0.6361,1.0
14560,36051,727.2,40827917.0,0.3639,1.0
14561,36069,3509.4,127644331.0,0.9897,1.0
14561,36123,36.5,1882235.0,0.0103,1.0
14564,36069,16176.9,105254192.0,0.9654,1.0
14564,36055,579.4,4202171.0,0.0346,1.0
14568,36117,5581.5,63367591.0,1.0,1.0
14569,36121,6912.2,193516150.0,1.0,1.0
14571,36073,1164.6,44129021.0,1.0,1.0
14572,36101,3336.8,108013545.0,0.7162,1.0
14572,36051,1322.3,85904451.0,0.2838,1.0
14580,36055,54600.0,109583921.0,0.998,1.0
14580,36117,112.0,875879.0,0.002,1.0
14585,36069,11.8,284016.0,1.0,1.0
14586,36055,14024.3,28567398.0,1.0,1.0
14588,36099,15.4,690117.0,1.0,1.0
14589,36117,7768.8,113792864.0,1.0,1.0
14590,36117,4629.0,167043480.0,1.0,1.0
14591,36121,1694.1,86460893.0,0.9547,1.0
14591,36037,80.3,3877498.0,0.0453,1.0
14592,36051,45.2,1458006.0,1.0,1.0
14604,36055,3481.2,884544.0,1.0,1.0
14605,36055,12232.3,4622036.0,1.0,1.0
14606,36055,24161.1,24406637.0,1.0,1.0
14607,36055,17803.8,4440639.0,1.0,1.0
14608,36055,13539.9,4552289.0,1.0,1.0
14609,36055,41461.5,19157922.0,1.0,1.0
14610,36055,13790.5,10886646.0,1.0,1.0
14611,36055,16247.5,7589363.0,1.0,1.0
14612,36055,32772.5,44595147.0,1.0,1.0
14613,36055,16830.9,4908866.0,1.0,1.0
14614,36055,1599.6,573276.0,1.0,1.0
14615,36055,18017.0,15407228.0,1.0,1.0
14616,36055,25747.3,15207352.0,1.0,1.0
14617,36055,21737.2,20502967.0,1.0,1.0
14618,36055,26026.0,24844552.0,1.0,1.0
14619,36055,13334.5,3715727.0,1.0,1.0
14620,36055,24250.4,11488631.0,1.0,1.0
14621,36055,31889.8,10514754.0,1.0,1.0
14622,36055,12269.1,11492103.0,1.0,1.0
14623,36055,26299.3,50572200.0,1.0,1.0
14624,36055,34941.7,70840321.0,1.0,1.0
14625,36055,11499.9,19764641.0,1.0,1.0
14626,36055,27638.8,34640985.0,1.0,1.0
14627,36055,535.5,524560.0,1.0,1.0
14642,36055,325.0,182271.0,1.0,1.0
14701,36013,40428.6,239741949.0,1.0,1.0
14706,36009,5079.9,210057333.0,1.0,1.0
14707,36003,51.9,2265988.0,1.0,1.0
14708,36003,478.2,23429099.0,1.0,1.0
14709,36003,1098.1,134468527.0,1.0,1.0
14710,36013,4053.6,137822466.0,1.0,1.0
14711,36003,1374.5,106614752.0,1.0,1.0
14712,36013,2587.1,66758706.0,1.0,1.0
14714,36003,306.5,30584707.0,1.0,1.0
14715,36003,2372.2,118253685.0,1.0,1.0
14716,36013,1362.7,30647003.0,1.0,1.0
14717,36003,1207.3,89178465.0,1.0,1.0
14718,36013,1565.6,90668778.0,1.0,1.0
14719,36009,3924.5,261943509.0,1.0,1.0
14720,36013,340.9,739490.0,1.0,1.0
14721,36003,152.4,8719193.0,1.0,1.0
14722,36013,22.2,935468.0,1.0,1.0
14723,36013,1413.0,117624036.0,1.0,1.0
14724,36013,3006.1,189853651.0,1.0,1.0
14726,36009,1688.7,95865983.0,0.8743,1.0
14726,36013,242.7,12702447.0,0.1257,1.0
14727,36003,3671.4,176174176.0,0.6882,1.0
14727,36009,1663.1,99802186.0,0.3118,1.0
14728,36013,1309.6,73680679.0,1.0,1.0
14729,36009,853.2,76868722.0,1.0,1.0
14731,36009,1505.9,117720373.0,1.0,1.0
14732,36013,3.8,199246.0,1.0,1.0
14733,36013,2462.2,69146106.0,1.0,1.0
14735,36003,2699.4,203104244.0,1.0,1.0
14736,36013,172.5,11790901.0,1.0,1.0
14737,36009,3831.1,272728430.0,0.9931,1.0
14737,36003,26.6,2817016.0,0.0069,1.0
14738,36013,3298.1,85490454.0,0.7103,1.0
14738,36009,1345.4,82797726.0,0.2897,1.0
14739,36003,4020.8,209977712.0,1.0,1.0
14740,36013,1134.5,65951282.0,1.0,1.0
14741,36009,2440.7,161322046.0,1.0,1.0
14742,36013,21.4,326251.0,1.0,1.0
14743,36009,1796.0,116825503.0,1.0,1.0
14744,36003,1061.7,51470662.0,1.0,1.0
14747,36013,1791.9,93784677.0,0.8392,1.0
14747,36009,343.2,21122150.0,0.1608,1.0
14748,36009,1836.3,43464041.0,1.0,1.0
14750,36013,3939.6,29169010.0,1.0,1.0
14752,36013,24.3,646283.0,1.0,1.0
14753,36009,1180.7,92645495.0,1.0,1.0
14754,36003,978.9,50983625.0,1.0,1.0
14755,36009,2611.5,191427927.0,1.0,1.0
14756,36013,4.0,60730.0,1.0,1.0
14757,36013,2552.5,113193461.0,1.0,1.0
14760,36009,18849.5,168519615.0,1.0,1.0
14767,36013,2171.6,142904867.0,1.0,1.0
14769,36013,1036.9,23281870.0,1.0,1.0
14770,36009,915.0,35953715.0,0.5691,1.0
14770,36003,692.8,39655840.0,0.4309,1.0
14772,36009,3391.4,198465791.0,1.0,1.0
14774,36003,13.4,666285.0,1.0,1.0
14775,36013,2305.1,139496761.0,1.0,1.0
14777,36003,253.0,19699687.0,1.0,1.0
14778,36009,106.1,1190313.0,1.0,1.0
14779,36009,4809.5,359482120.0,1.0,1.0
14781,36013,3776.7,187843906.0,1.0,1.0
14782,36013,1993.3,140461984.0,1.0,1.0
14783,36009,1032.0,37169299.0,1.0,1.0
14784,36013,1441.7,71156602.0,1.0,1.0
14785,36013,15.5,501659.0,1.0,1.0
14787,36013,4062.0,110467586.0,1.0,1.0
14788,36009,21.4,840296.0,1.0,1.0
14801,36101,5310.9,271730758.0,1.0,1.0
14802,36003,102.8,2946169.0,1.0,1.0
14803,36003,1966.9,66093791.0,0.9778,1.0
14803,36101,44.7,6620087.0,0.0222,1.0
14804,36003,2735.1,140124431.0,0.9977,1.0
14804,36101,6.3,179037.0,0.0023,1.0
14805,36097,1639.0,72481234.0,0.938,1.0
14805,36015,108.4,3702281.0,0.062,1.0
14806,36003,2594.9,134726359.0,0.9428,1.0
14806,36101,157.5,23354380.0,0.0572,1.0
14807,36101,1563.8,103705147.0,0.7237,1.0
14807,36003,597.1,85434784.0,0.2763,1.0
14808,36101,114.5,7002200.0,1.0,1.0
14809,36101,2001.9,147261093.0,1.0,1.0
14810,36101,11313.7,312260192.0,1.0,1.0
14812,36097,2086.6,113165711.0,0.526,1.0
14812,36015,1065.5,36391119.0,0.2686,1.0
14812,36101,814.7,48398050.0,0.2054,1.0
14813,36003,4106.2,156735413.0,1.0,1.0
14814,36015,1657.2,19597836.0,0.9409,1.0
14814,36101,104.1,1828563.0,0.0591,1.0
14815,36097,387.0,31033756.0,0.625,1.0
14815,36101,232.2,15903269.0,0.375,1.0
14816,36015,431.8,9749786.0,1.0,1.0
14817,36109,2100.6,100449684.0,0.9725,1.0
14817,36107,59.5,5123285.0,0.0275,1.0
14818,36097,1824.7,99748833.0,1.0,1.0
14819,36101,1353.0,99332529.0,1.0,1.0
14820,36101,773.6,72357710.0,1.0,1.0
14821,36101,3077.0,144658104.0,1.0,1.0
14822,36003,641.5,90209288.0,0.783,1.0
14822,36051,177.8,12956081.0,0.217,1.0
14823,36101,3999.3,245717536.0,1.0,1.0
14824,36097,854.6,35323510.0,0.6524,1.0
14824,36015,455.4,17607069.0,0.3476,1.0
14825,36015,658.1,43423712.0,1.0,1.0
14826,36101,2638.4,153001676.0,1.0,1.0
14827,36101,57.8,233078.0,1.0,1.0
14830,36101,18887.2,218761714.0,0.9674,1.0
14830,36015,635.8,15950635.0,0.0326,1.0
14836,36051,1022.4,46318238.0,0.7993,1.0
14836,36003,256.7,32198714.0,0.2007,1.0
14837,36123,4370.1,139091940.0,0.8428,1.0
14837,36097,771.0,61821259.0,0.1487,1.0
14837,36101,44.0,3012564.0,0.0085,1.0
14838,36015,1492.7,96899025.0,0.9063,1.0
14838,36097,154.3,6379182.0,0.0937,1.0
14839,36101,636.7,94401604.0,1.0,1.0
14840,36101,2392.7,151015671.0,0.9957,1.0
14840,36097,10.4,831120.0,0.0043,1.0
14841,36097,700.6,38300747.0,0.6835,1.0
14841,36099,324.4,13945202.0,0.3165,1.0
14842,36123,894.7,40711834.0,1.0,1.0
14843,36101,13210.7,238838322.0,0.9947,1.0
14843,36003,70.0,9109097.0,0.0053,1.0
14845,36015,20549.7,202495144.0,1.0,1.0
14846,36051,1177.6,53316976.0,0.7935,1.0
14846,36003,306.4,36153839.0,0.2065,1.0
14847,36099,2442.0,101639450.0,0.9773,1.0
14847,36097,56.6,3094377.0,0.0227,1.0
14850,36109,67082.9,323269097.0,1.0,1.0
14853,36109,809.3,996673.0,1.0,1.0
14854,36109,73.6,1130400.0,1.0,1.0
14855,36101,530.7,75710412.0,1.0,1.0
14856,36101,17.5,447488.0,1.0,1.0
14858,36101,1710.0,94615832.0,1.0,1.0
14859,36107,1424.6,48214373.0,0.742,1.0
14859,36015,495.2,32927797.0,0.258,1.0
14860,36099,1215.4,52255661.0,1.0,1.0
14861,36015,1767.0,91839103.0,1.0,1.0
14864,36015,648.7,22155619.0,0.7318,1.0
14864,36097,237.7,9230963.0,0.2682,1.0
14865,36097,1534.8,57361630.0,1.0,1.0
14867,36109,5744.3,171248501.0,0.9896,1.0
14867,36015,60.3,4128942.0,0.0104,1.0
14869,36097,1084.8,48729905.0,1.0,1.0
14870,36101,8592.7,158343906.0,0.9876,1.0
14870,36097,107.7,8634946.0,0.0124,1.0
14871,36015,4999.9,110979239.0,0.9101,1.0
14871,36101,493.8,25933459.0,0.0899,1.0
14872,36015,440.4,15041679.0,1.0,1.0
14873,36101,2238.8,191201106.0,1.0,1.0
14874,36101,51.2,4100430.0,1.0,1.0
14877,36101,802.3,118951161.0,0.9972,1.0
14877,36003,2.2,125421.0,0.0028,1.0
14878,36097,707.8,31145795.0,0.6317,1.0
14878,36123,412.6,10277408.0,0.3683,1.0
14879,36101,2404.9,113918450.0,1.0,1.0
14880,36003,4077.8,135168559.0,1.0,1.0
14881,36109,80.2,3972084.0,1.0,1.0
14882,36109,3383.9,84139708.0,1.0,1.0
14883,36107,3066.1,131365040.0,0.6567,1.0
14883,36109,1603.1,56577992.0,0.3433,1.0
14884,36003,419.9,58673650.0,1.0,1.0
14885,36101,742.9,110148914.0,1.0,1.0
14886,36109,4576.9,86485478.0,0.6816,1.0
14886,36097,1512.3,82671965.0,0.2252,1.0
14886,36099,625.5,25372323.0,0.0932,1.0
14889,36015,1407.0,96381246.0,0.7942,1.0
14889,36097,231.5,9566494.0,0.1307,1.0
14889,36107,133.1,4488738.0,0.0751,1.0
14891,36097,3660.6,140883977.0,1.0,1.0
14892,36107,6081.7,73644684.0,0.9182,1.0
14892,36015,542.1,35765503.0,0.0818,1.0
14893,36101,2.9,200987.0,1.0,1.0
14894,36015,927.4,31586423.0,1.0,1.0
14895,36003,6067.7,300405547.0,1.0,1.0
14897,36003,947.9,58572882.0,0.9651,1.0
14897,36101,34.2,5077238.0,0.0349,1.0
14898,36101,1647.8,158359441.0,1.0,1.0
14901,36015,14942.4,85987910.0,1.0,1.0
14903,36015,8334.1,56064851.0,1.0,1.0
14904,36015,14317.9,16702992.0,1.0,1.0
14905,36015,6210.2,9610511.0,1.0,1.0
