month,day,t_mean_c,t_min_c,t_max_c
1,1,5.13,2.9,8.8
1,2,-1.12,-6.0,2.8
1,3,-12.12,-17.2,-7.0
1,4,-10.15,-17.7,-4.0
1,5,-2.47,-4.4,0.0
1,6,3.75,-2.2,11.1
1,7,4.68,1.6,10.5
1,8,-2.26,-8.3,2.7
1,9,-0.65,-8.3,4.4
1,10,1.59,0.3,3.4
1,11,1.77,-5.0,6.6
1,12,3.32,0.8,5.0
1,13,-2.78,-7.2,4.0
1,14,-8.95,-13.0,-5.5
1,15,-15.83,-19.4,-12.0
1,16,-7.93,-18.8,0.1
1,17,2.96,-1.0,8.0
1,18,-6.17,-13.3,2.2
1,19,-7.82,-14.4,-3.8
1,20,-10.05,-12.0,-8.0
1,21,-9.93,-16.6,-5.0
1,22,-7.79,-17.7,-1.0
1,23,3.7,-1.1,7.2
1,24,2.93,1.0,6.0
1,25,-1.37,-2.2,1.0
1,26,-0.5,-3.8,1.9
1,27,4.15,1.7,9.4
1,28,1.66,-2.2,5.5
1,29,-0.36,-5.0,2.8
1,30,-2.92,-5.0,-1.1
1,31,5.43,0.0,13.3
2,1,-1.36,-4.4,0.6
2,2,-0.49,-3.3,1.1
2,3,2.85,-1.1,7.2
2,4,2.35,-1.1,5.9
2,5,-2.7,-4.4,0.6
2,6,-0.18,-4.0,1.5
2,7,-4.13,-7.2,0.4
2,8,-8.68,-13.9,-5.0
2,9,-3.23,-12.0,1.6
2,10,2.05,0.6,3.9
2,11,1.39,0.0,2.3
2,12,0.27,-4.4,3.1
2,13,-0.38,-5.6,0.6
2,14,-14.18,-23.9,-7.0
2,15,-11.22,-24.0,-2.8
2,16,-0.61,-6.0,3.3
2,17,-3.3,-9.4,1.1
2,18,1.82,-1.1,3.9
2,19,-2.38,-6.1,1.7
2,20,-7.58,-11.0,-5.6
2,21,-5.76,-12.0,-0.6
2,22,-2.89,-13.3,4.4
2,23,0.78,-8.9,8.3
2,24,5.65,0.3,11.7
2,25,3.99,2.0,7.4
2,26,3.65,1.0,6.7
2,27,-2.43,-6.1,5.0
2,28,-5.05,-7.5,-2.8
3,1,-2.62,-8.2,1.9
3,2,-0.55,-2.2,1.2
3,3,-2.29,-4.0,0.6
3,4,-7.72,-18.3,-4.0
3,5,-12.12,-21.0,-5.0
3,6,-11.64,-14.4,-8.3
3,7,-10.43,-15.6,-6.1
3,8,-8.03,-20.0,1.7
3,9,-3.14,-16.0,5.0
3,10,2.45,-1.0,5.0
3,11,1.57,-2.2,3.9
3,12,-2.78,-8.9,1.1
3,13,0.87,-8.9,7.2
3,14,9.71,3.7,16.1
3,15,12.33,5.7,17.8
3,16,0.6,-3.0,4.4
3,17,-3.67,-8.3,0.9
3,18,-2.8,-8.3,2.4
3,19,-1.94,-9.0,5.0
3,20,3.6,-6.1,11.1
3,21,4.61,3.0,8.3
3,22,1.15,-4.4,3.4
3,23,-2.87,-6.0,1.7
3,24,1.47,-9.0,7.8
3,25,0.01,-4.4,3.3
3,26,-2.35,-7.2,3.0
3,27,1.2,-8.3,9.4
3,28,7.25,0.8,14.4
3,29,6.8,4.4,10.6
3,30,12.79,6.0,18.3
3,31,3.48,-6.0,15.6
4,1,-1.03,-7.1,4.4
4,2,9.29,-3.8,17.7
4,3,11.31,6.0,16.6
4,4,2.34,0.5,5.0
4,5,0.48,-2.2,2.2
4,6,7.76,-1.0,17.7
4,7,5.35,3.3,9.0
4,8,3.85,3.0,5.5
4,9,4.39,2.7,7.2
4,10,7.98,4.0,13.3
4,11,4.75,2.0,6.6
4,12,9.58,0.4,18.8
4,13,16.2,6.2,25.0
4,14,11.22,6.3,16.1
4,15,8.55,3.5,13.8
4,16,11.35,1.4,21.1
4,17,12.37,8.9,16.0
4,18,12.81,6.6,23.0
4,19,11.78,2.6,20.0
4,20,10.62,5.8,15.0
4,21,9.4,5.4,13.0
4,22,5.57,2.1,11.0
4,23,1.08,0.0,2.2
4,24,0.94,-1.1,2.5
4,25,3.22,-4.4,9.4
4,26,5.61,0.9,10.0
4,27,6.25,4.0,8.3
4,28,10.4,5.0,16.6
4,29,12.93,6.1,19.4
4,30,12.73,5.3,20.5
5,1,12.02,7.7,17.7
5,2,9.49,5.5,13.8
5,3,10.2,7.2,15.0
5,4,8.91,5.5,12.7
5,5,8.74,4.5,13.8
5,6,9.27,4.4,15.0
5,7,11.22,1.2,18.8
5,8,17.5,10.0,24.4
5,9,21.58,16.0,28.3
5,10,19.06,11.6,25.0
5,11,15.81,7.2,22.7
5,12,18.79,10.0,27.2
5,13,22.47,16.0,30.0
5,14,20.63,13.0,28.3
5,15,21.6,18.3,26.1
5,16,12.25,7.2,19.4
5,17,8.84,5.5,12.7
5,18,9.42,4.6,15.0
5,19,11.53,3.1,18.8
5,20,14.22,5.5,21.1
5,21,16.05,12.7,19.4
5,22,17.14,12.2,23.3
5,23,11.84,10.5,13.8
5,24,14.46,11.0,20.5
5,25,17.4,8.8,24.4
5,26,20.62,12.0,27.7
5,27,21.94,15.0,28.3
5,28,15.28,11.6,19.0
5,29,13.82,11.6,16.1
5,30,15.67,10.5,22.2
5,31,14.79,7.0,21.1
6,1,15.06,10.4,19.4
6,2,12.98,5.6,17.2
6,3,13.63,6.7,18.9
6,4,12.52,5.6,19.4
6,5,17.12,12.8,23.0
6,6,12.69,9.4,17.0
6,7,13.35,8.9,19.4
6,8,15.85,7.2,23.0
6,9,17.43,8.9,24.4
6,10,20.73,12.8,27.2
6,11,23.85,17.8,30.6
6,12,24.42,16.7,31.1
6,13,22.99,18.0,28.3
6,14,18.24,11.7,24.4
6,15,19.53,11.7,25.6
6,16,19.53,15.6,24.4
6,17,23.47,18.0,28.3
6,18,25.14,20.6,31.1
6,19,19.87,17.0,23.0
6,20,19.31,15.2,23.0
6,21,18.37,14.4,23.0
6,22,20.82,11.4,27.0
6,23,22.48,20.4,25.0
6,24,19.84,15.7,25.0
6,25,17.3,13.6,23.0
6,26,15.83,12.1,22.0
6,27,14.42,11.7,19.0
6,28,17.04,9.4,23.3
6,29,21.46,16.1,26.7
6,30,22.61,15.1,27.2
7,1,20.27,11.5,27.2
7,2,18.52,11.7,25.6
7,3,18.09,12.2,24.4
7,4,19.88,12.0,25.6
7,5,21.65,11.1,28.9
7,6,23.16,16.1,30.0
7,7,24.19,14.4,32.2
7,8,23.52,18.3,30.6
7,9,22.95,17.2,28.9
7,10,23.1,19.0,27.8
7,11,17.36,12.2,20.6
7,12,18.69,11.0,26.7
7,13,23.45,13.3,31.1
7,14,25.65,21.1,32.2
7,15,25.56,18.9,30.6
7,16,23.05,16.1,30.0
7,17,20.12,13.3,26.1
7,18,21.41,13.0,28.9
7,19,22.87,18.9,27.2
7,20,19.05,11.7,25.0
7,21,18.98,10.0,26.7
7,22,22.85,11.7,32.8
7,23,27.52,23.3,33.3
7,24,25.0,17.2,31.7
7,25,23.55,14.4,31.1
7,26,21.89,17.8,27.8
7,27,21.51,16.1,27.2
7,28,22.42,14.0,30.0
7,29,23.0,16.7,28.9
7,30,21.97,15.0,29.4
7,31,18.32,14.4,22.0
8,1,23.49,15.4,29.4
8,2,22.57,15.6,27.2
8,3,23.36,13.9,32.8
8,4,24.48,20.6,31.7
8,5,23.19,20.0,30.0
8,6,24.73,19.0,31.7
8,7,26.47,22.0,31.7
8,8,26.13,22.8,30.6
8,9,21.29,17.8,25.6
8,10,19.2,15.0,24.4
8,11,19.45,13.0,25.6
8,12,17.07,10.0,22.8
8,13,16.63,8.0,24.4
8,14,19.28,10.0,27.2
8,15,20.11,12.8,26.0
8,16,18.32,14.0,26.0
8,17,17.86,13.0,25.0
8,18,18.15,11.7,25.6
8,19,20.83,13.0,28.3
8,20,22.52,15.6,30.0
8,21,21.43,17.8,27.2
8,22,20.17,17.0,25.0
8,23,19.28,16.1,23.3
8,24,19.85,13.9,26.7
8,25,20.84,14.0,27.8
8,26,21.25,17.8,27.2
8,27,19.53,13.9,25.0
8,28,22.01,12.8,29.4
8,29,25.32,21.0,31.7
8,30,21.37,16.7,26.7
8,31,19.48,12.4,25.0
9,1,17.75,9.2,23.9
9,2,20.07,17.0,22.2
9,3,21.94,19.0,25.0
9,4,19.96,14.4,24.4
9,5,18.76,12.8,23.3
9,6,16.58,10.6,22.8
9,7,17.07,11.0,22.8
9,8,20.45,17.0,26.1
9,9,21.65,16.0,30.6
9,10,22.8,15.0,30.6
9,11,21.21,16.7,27.2
9,12,13.23,6.7,17.2
9,13,14.48,6.0,21.1
9,14,17.02,14.0,18.9
9,15,13.72,8.0,17.8
9,16,10.62,3.0,18.3
9,17,15.14,9.0,22.8
9,18,13.64,10.0,17.8
9,19,10.81,5.6,15.6
9,20,7.38,2.0,14.4
9,21,8.64,2.6,16.7
9,22,9.2,0.6,18.3
9,23,10.91,3.3,18.9
9,24,16.66,10.7,24.4
9,25,17.0,9.4,25.0
9,26,18.28,11.7,26.7
9,27,18.72,12.2,26.1
9,28,20.59,16.0,27.8
9,29,22.05,17.8,27.8
9,30,15.21,12.1,21.1
10,1,16.1,12.0,22.7
10,2,16.19,10.0,22.2
10,3,17.14,13.0,21.6
10,4,12.01,5.3,15.5
10,5,6.68,2.2,12.2
10,6,12.61,5.5,18.8
10,7,15.98,13.3,19.4
10,8,13.25,10.5,17.2
10,9,10.06,6.0,16.6
10,10,8.04,3.7,15.0
10,11,8.0,3.6,13.8
10,12,7.11,0.3,15.5
10,13,13.42,6.5,16.6
10,14,20.82,16.6,24.4
10,15,18.95,16.6,21.6
10,16,16.82,10.5,21.6
10,17,14.92,11.0,18.8
10,18,10.65,5.5,13.8
10,19,3.66,1.2,6.1
10,20,6.49,1.0,10.5
10,21,9.89,7.7,12.7
10,22,8.32,6.6,10.0
10,23,8.0,5.5,10.0
10,24,9.67,7.0,14.4
10,25,11.76,5.5,18.3
10,26,8.48,6.6,9.4
10,27,8.78,3.7,14.4
10,28,15.51,9.6,24.4
10,29,10.64,7.7,14.5
10,30,6.0,2.2,8.0
10,31,5.77,1.4,10.9
11,1,13.53,10.6,17.2
11,2,10.55,6.0,16.4
11,3,11.36,4.0,20.0
11,4,13.79,7.1,21.1
11,5,18.68,14.4,21.7
11,6,19.95,14.4,23.3
11,7,12.86,5.6,17.2
11,8,4.22,-3.9,8.9
11,9,4.1,-5.0,13.3
11,10,11.31,4.2,19.4
11,11,15.15,12.0,18.3
11,12,10.44,4.0,18.0
11,13,2.58,-0.6,4.4
11,14,0.34,-2.0,2.0
11,15,0.32,-1.0,1.7
11,16,1.84,0.0,5.0
11,17,0.43,-1.7,1.8
11,18,-0.34,-2.8,2.2
11,19,-2.72,-6.7,0.0
11,20,-4.48,-6.7,-1.7
11,21,-0.69,-6.1,4.4
11,22,1.81,-5.0,8.3
11,23,2.55,-3.3,8.1
11,24,2.8,-3.9,12.8
11,25,4.98,3.3,6.7
11,26,6.02,0.8,12.8
11,27,5.27,2.2,8.9
11,28,2.78,0.0,7.8
11,29,2.05,0.0,4.8
11,30,4.35,0.7,8.9
12,1,1.1,-1.0,2.6
12,2,6.14,2.3,9.4
12,3,4.1,-1.0,7.2
12,4,-4.55,-10.6,-1.7
12,5,-7.44,-12.0,-1.1
12,6,-0.87,-6.1,1.9
12,7,-5.23,-8.9,-3.0
12,8,-5.51,-9.4,-2.2
12,9,-6.23,-13.9,0.6
12,10,-2.22,-3.3,-0.6
12,11,-2.53,-3.3,-1.1
12,12,-1.32,-3.3,0.3
12,13,0.15,-1.1,1.3
12,14,3.6,0.0,6.7
12,15,3.4,1.3,4.6
12,16,1.43,0.3,2.2
12,17,0.95,-2.2,2.2
12,18,-6.48,-11.1,-3.0
12,19,-3.11,-11.7,4.0
12,20,3.35,-1.7,7.8
12,21,11.18,4.2,16.1
12,22,-0.7,-2.2,3.0
12,23,-0.77,-3.0,1.1
12,24,0.27,-1.1,1.3
12,25,-2.42,-4.4,-1.0
12,26,-0.61,-3.0,1.2
12,27,-0.78,-6.0,2.8
12,28,6.98,2.2,10.0
12,29,0.57,-4.4,8.0
12,30,-1.51,-4.4,1.1
12,31,0.68,-4.4,5.0
