scenario,year,s_obs_2026,new_share_p50,bev_share_of_additions,additions_p50,EV_p05,EV_p50,EV_p95,BEV_p50,PHEV_p50,fleet_share_p05,fleet_share_p50,fleet_share_p95
trend,2026,0.1088,0.1088,0.7705,140.2554,3303.4763,3359.5012,3438.8201,1935.6753,1424.6514,0.0555,0.0564,0.0577
trend,2027,0.1088,0.1361,0.8095,529.2956,3564.928,3836.4884,4244.8509,2341.7701,1497.8866,0.0599,0.0644,0.0713
trend,2028,0.1088,0.169,0.8412,649.6473,3879.3601,4424.3068,5271.9398,2859.9111,1566.5177,0.0651,0.0743,0.0885
trend,2029,0.1088,0.2079,0.8665,800.9537,4255.0734,5126.0579,6555.6041,3516.2731,1627.8594,0.0714,0.0861,0.1101
trend,2030,0.1088,0.2531,0.8863,974.6696,4682.8919,5994.7056,8223.4475,4315.8033,1683.2099,0.0786,0.1007,0.1381
trend,2031,0.1088,0.3043,0.9017,1167.6191,5195.0523,7023.4918,10228.6107,5294.4868,1733.3755,0.0872,0.1179,0.1718
trend,2032,0.1088,0.3608,0.9136,1390.2776,5794.1273,8234.0655,12609.4138,6457.3944,1776.4648,0.0973,0.1383,0.2117
trend,2033,0.1088,0.4215,0.9226,1623.3208,6489.8555,9646.3522,15389.1248,7837.0048,1816.5083,0.109,0.162,0.2584
trend,2034,0.1088,0.4847,0.9294,1866.127,7304.5127,11270.1521,18533.0685,9422.9852,1853.3171,0.1227,0.1892,0.3112
trend,2035,0.1088,0.5483,0.9346,2111.2519,8205.2797,13097.2886,22052.4644,11232.3186,1888.5378,0.1378,0.2199,0.3703
trend,2036,0.1088,0.6104,0.9385,2350.9732,9228.5242,15108.2869,25909.9432,13226.5749,1922.4167,0.155,0.2537,0.4351
trend,2037,0.1088,0.6692,0.9414,2564.2152,10355.5621,17291.0858,30052.9823,15387.945,1954.2861,0.1739,0.2903,0.5046
trend,2038,0.1088,0.7231,0.9436,2764.5037,11556.1117,19619.7926,34418.3461,17671.842,1988.3194,0.194,0.3294,0.5779
trend,2039,0.1088,0.7712,0.9452,2960.2572,12826.6187,22063.152,38936.8285,20047.7764,2022.5074,0.2154,0.3705,0.6538
trend,2040,0.1088,0.8131,0.9464,3109.4835,14155.2005,24577.5645,43521.1406,22479.6367,2061.8203,0.2377,0.4127,0.7308
trend,2041,0.1088,0.8488,0.9473,3254.7791,15569.6487,27122.9989,48052.0046,25045.6323,2107.3408,0.2614,0.4554,0.8069
trend,2042,0.1088,0.8787,0.948,3373.165,17017.1437,29706.7005,52510.5215,27590.1952,2151.1073,0.2857,0.4988,0.8817
trend,2043,0.1088,0.9034,0.9485,3454.4337,18476.5709,32310.6384,56766.4404,30111.6332,2195.9557,0.3102,0.5425,0.9532
trend,2044,0.1088,0.9235,0.9489,3534.2172,19926.9162,34871.6574,58958.46,32586.9367,2251.9721,0.3346,0.5855,0.99
trend,2045,0.1088,0.9397,0.9492,3618.9888,21302.285,37304.9518,58958.46,34983.6732,2315.553,0.3577,0.6264,0.99
trend,2046,0.1088,0.9526,0.9494,3675.2562,22651.9922,39533.3518,58958.46,37202.5196,2374.4463,0.3804,0.6638,0.99
trend,2047,0.1088,0.9629,0.9495,3728.8852,23899.2794,41734.0157,58958.46,39264.1067,2432.6304,0.4013,0.7008,0.99
trend,2048,0.1088,0.971,0.9497,3762.5386,25064.4573,43958.4721,58958.46,41427.3053,2490.2227,0.4209,0.7381,0.99
trend,2049,0.1088,0.9774,0.9497,3781.9872,26266.6404,45979.2498,58958.46,43462.5365,2544.1391,0.4411,0.7721,0.99
trend,2050,0.1088,0.9824,0.9498,3806.9053,27472.0721,47874.4768,58958.46,45237.4472,2601.2847,0.4613,0.8039,0.99
slow,2026,0.1088,0.1088,0.7705,140.1571,3305.2195,3359.8479,3436.6696,1935.2624,1424.2281,0.0555,0.0564,0.0577
slow,2027,0.1088,0.1206,0.8095,469.9756,3539.4654,3782.2169,4125.588,2295.146,1485.4112,0.0594,0.0635,0.0693
slow,2028,0.1088,0.1334,0.8412,518.9466,3789.9124,4238.0211,4883.2864,2705.6276,1531.9642,0.0636,0.0712,0.082
slow,2029,0.1088,0.1471,0.8665,571.7314,4046.5984,4729.1845,5712.8716,3164.5355,1564.0859,0.0679,0.0794,0.0959
slow,2030,0.1088,0.1617,0.8863,629.4651,4310.6624,5248.5348,6636.4776,3675.7135,1582.3651,0.0724,0.0881,0.1114
slow,2031,0.1088,0.1772,0.9017,690.6306,4591.6462,5809.9798,7619.3704,4225.5454,1586.3477,0.0771,0.0976,0.1279
slow,2032,0.1088,0.1936,0.9136,754.9411,4874.3621,6401.511,8706.2141,4834.171,1578.6082,0.0818,0.1075,0.1462
slow,2033,0.1088,0.2107,0.9226,821.5804,5161.4351,7027.3398,9883.8426,5477.1713,1555.9548,0.0867,0.118,0.166
slow,2034,0.1088,0.2284,0.9294,886.6945,5456.542,7687.6572,11117.7921,6173.2158,1521.7062,0.0916,0.1291,0.1867
slow,2035,0.1088,0.2467,0.9346,955.9734,5761.447,8388.3964,12408.1006,6906.1645,1481.9557,0.0967,0.1409,0.2084
slow,2036,0.1088,0.2655,0.9385,1027.7678,6078.5831,9131.8213,13768.5081,7679.3893,1440.0737,0.1021,0.1533,0.2312
slow,2037,0.1088,0.2845,0.9414,1101.7076,6410.8818,9906.3395,15195.24,8490.7343,1393.6689,0.1076,0.1663,0.2552
slow,2038,0.1088,0.3036,0.9436,1176.24,6761.504,10701.547,16683.395,9339.3348,1345.6304,0.1135,0.1797,0.2801
slow,2039,0.1088,0.3227,0.9452,1250.4898,7133.4926,11528.982,18305.0071,10218.8896,1300.2726,0.1198,0.1936,0.3074
slow,2040,0.1088,0.3416,0.9464,1323.8345,7529.3888,12397.4551,19983.0532,11136.6902,1261.7638,0.1264,0.2082,0.3355
slow,2041,0.1088,0.3602,0.9473,1395.682,7925.5746,13299.5955,21702.019,12080.0252,1223.7872,0.1331,0.2233,0.3644
slow,2042,0.1088,0.3783,0.948,1465.4887,8334.0635,14233.1489,23450.7614,13040.9759,1196.4946,0.1399,0.239,0.3938
slow,2043,0.1088,0.3958,0.9485,1532.775,8763.8653,15192.4909,25216.4278,14010.9459,1177.7194,0.1472,0.2551,0.4234
slow,2044,0.1088,0.4127,0.9489,1597.136,9242.2532,16173.1348,26985.8144,14990.0191,1166.2603,0.1552,0.2716,0.4531
slow,2045,0.1088,0.4287,0.9492,1658.5988,9768.5783,17165.4955,28745.7195,15976.099,1151.1967,0.164,0.2882,0.4827
slow,2046,0.1088,0.4439,0.9494,1718.084,10305.4404,18166.9705,30483.2967,16974.0128,1146.4903,0.173,0.3051,0.5119
slow,2047,0.1088,0.4582,0.9495,1774.9393,10847.397,19176.0089,32186.387,17986.8928,1153.0765,0.1821,0.322,0.5405
slow,2048,0.1088,0.4715,0.9497,1828.83,11389.3873,20186.9105,33843.8089,18983.7069,1168.4281,0.1912,0.339,0.5683
slow,2049,0.1088,0.4839,0.9497,1877.9502,11926.9129,21187.4114,35445.5884,19973.1208,1187.3408,0.2003,0.3558,0.5952
slow,2050,0.1088,0.4954,0.9498,1923.8713,12456.0956,22160.6109,36983.1219,20944.9414,1211.5251,0.2092,0.3721,0.621
stall,2026,0.1088,0.1088,0.7705,141.7744,3305.5241,3359.979,3437.0661,1936.0341,1424.0036,0.0555,0.0564,0.0577
stall,2027,0.1088,0.1088,0.8095,429.6195,3514.549,3734.7902,4044.6574,2260.2715,1475.4496,0.059,0.0627,0.0679
stall,2028,0.1088,0.1088,0.8412,429.6195,3706.3927,4093.7641,4637.5534,2590.7624,1506.1479,0.0622,0.0687,0.0779
stall,2029,0.1088,0.1088,0.8665,429.6195,3880.5832,4434.3809,5214.229,2920.7251,1517.5275,0.0652,0.0745,0.0876
stall,2030,0.1088,0.1088,0.8863,429.6195,4033.5797,4752.0962,5766.6468,3244.8133,1513.094,0.0677,0.0798,0.0968
stall,2031,0.1088,0.1361,0.9017,539.8175,4217.1197,5147.6317,6484.7437,3658.7553,1500.6215,0.0708,0.0864,0.1089
stall,2032,0.1088,0.169,0.9136,665.7355,4439.2102,5650.8778,7406.1898,4180.9855,1482.4989,0.0745,0.0949,0.1244
stall,2033,0.1088,0.2079,0.9226,820.3871,4744.6722,6273.9002,8571.6249,4833.4511,1461.3739,0.0797,0.1053,0.1439
stall,2034,0.1088,0.2531,0.9294,995.6658,5118.0485,7069.3945,10025.9752,5648.8613,1437.7354,0.0859,0.1187,0.1684
stall,2035,0.1088,0.3043,0.9346,1192.8765,5547.1235,8020.0101,11791.1573,6622.9939,1413.8786,0.0931,0.1347,0.198
stall,2036,0.1088,0.3608,0.9385,1412.2855,6057.813,9177.5293,13904.1864,7786.7888,1393.5887,0.1017,0.1541,0.2335
stall,2037,0.1088,0.4215,0.9414,1650.7718,6643.9144,10550.0787,16429.2733,9165.2909,1378.7412,0.1116,0.1772,0.2759
stall,2038,0.1088,0.4847,0.9436,1897.6046,7350.7942,12143.9227,19290.3247,10753.5829,1373.9317,0.1234,0.2039,0.3239
stall,2039,0.1088,0.5483,0.9452,2146.5055,8174.866,13947.3641,22608.5397,12548.6437,1378.184,0.1373,0.2342,0.3796
stall,2040,0.1088,0.6104,0.9464,2387.6532,9086.9151,15974.9194,26236.2292,14511.1255,1396.0978,0.1526,0.2682,0.4405
stall,2041,0.1088,0.6692,0.9473,2615.8033,10136.3282,18146.625,30100.6611,16635.6216,1434.8559,0.1702,0.3047,0.5054
stall,2042,0.1088,0.7231,0.948,2829.4713,11260.9713,20475.748,34172.2833,18919.6613,1476.6725,0.1891,0.3438,0.5738
stall,2043,0.1088,0.7712,0.9485,3017.5274,12509.1857,22955.0219,38335.0874,21342.8635,1536.7507,0.21,0.3854,0.6437
stall,2044,0.1088,0.8131,0.9489,3179.4145,13853.9991,25536.5343,42529.9235,23859.8549,1611.6766,0.2326,0.4288,0.7141
stall,2045,0.1088,0.8488,0.9492,3335.0578,15278.5148,28165.7786,46854.7881,26419.5084,1688.3457,0.2565,0.4729,0.7868
stall,2046,0.1088,0.8787,0.9494,3457.487,16764.4513,30742.101,51161.5597,28940.9386,1779.8448,0.2815,0.5162,0.8591
stall,2047,0.1088,0.9034,0.9495,3555.3877,18291.8485,33377.4726,55387.8881,31496.1068,1872.1652,0.3071,0.5605,0.93
stall,2048,0.1088,0.9235,0.9497,3638.16,19799.0702,35918.5961,58958.46,33946.9531,1971.0318,0.3325,0.6031,0.99
stall,2049,0.1088,0.9397,0.9497,3702.2865,21244.1579,38286.2502,58958.46,36222.7948,2067.8731,0.3567,0.6429,0.99
stall,2050,0.1088,0.9526,0.9498,3764.5439,22646.4702,40680.7461,58958.46,38509.8059,2160.6185,0.3803,0.6831,0.99
policy,2026,0.1088,0.1088,0.7705,142.5438,3300.9081,3361.6218,3436.404,1936.618,1424.385,0.0554,0.0564,0.0577
policy,2027,0.1088,0.2078,0.8095,825.103,3726.7877,4132.1611,4639.7298,2582.7424,1551.514,0.0626,0.0694,0.0779
policy,2028,0.1088,0.3068,0.8412,1218.2551,4368.0472,5276.9012,6428.5486,3577.1,1707.7021,0.0733,0.0886,0.1079
policy,2029,0.1088,0.4059,0.8665,1611.4072,5220.5265,6795.5098,8797.1414,4933.2908,1876.1895,0.0877,0.1141,0.1477
policy,2030,0.1088,0.5049,0.8863,2004.5593,6280.5946,8685.503,11739.6601,6656.4843,2046.8952,0.1055,0.1458,0.1971
policy,2031,0.1088,0.6039,0.9017,2397.7114,7539.1978,10939.8224,15248.1688,8745.946,2213.94,0.1266,0.1837,0.256
policy,2032,0.1088,0.7029,0.9136,2790.8635,8995.5357,13550.207,19311.9452,11196.7434,2374.7875,0.151,0.2275,0.3243
policy,2033,0.1088,0.802,0.9226,3184.0156,10646.0465,16507.0942,23916.7717,14002.0986,2528.9806,0.1788,0.2772,0.4016
policy,2034,0.1088,0.901,0.9294,3577.1677,12486.0283,19798.4538,29044.2693,17155.4716,2679.5445,0.2097,0.3324,0.4877
policy,2035,0.1088,1.0,0.9346,3970.3198,14510.1358,23409.3763,34671.3454,20640.7921,2825.8508,0.2436,0.3931,0.5822
policy,2036,0.1088,1.0,0.9385,3970.3198,16486.6538,26928.9397,40167.1155,24072.7764,2945.9352,0.2768,0.4522,0.6745
policy,2037,0.1088,1.0,0.9414,3970.3198,18408.5767,30375.3695,45498.1455,27403.1906,3041.0045,0.3091,0.51,0.764
policy,2038,0.1088,1.0,0.9436,3970.3198,20251.478,33717.4889,50761.3218,30589.2502,3116.9002,0.3401,0.5662,0.8524
policy,2039,0.1088,1.0,0.9452,3970.3198,21990.7463,36881.9706,55875.9682,33703.0573,3176.3685,0.3693,0.6193,0.9382
policy,2040,0.1088,1.0,0.9464,3970.3198,23628.4403,39954.7205,58958.46,36683.9996,3221.5211,0.3968,0.6709,0.99
policy,2041,0.1088,1.0,0.9473,3970.3198,25151.8051,42899.0849,58958.46,39514.4568,3254.6379,0.4223,0.7203,0.99
policy,2042,0.1088,1.0,0.948,3970.3198,26548.7365,45595.7127,58958.46,42250.5095,3277.103,0.4458,0.7656,0.99
policy,2043,0.1088,1.0,0.9485,3970.3198,27808.8325,47985.8493,58958.46,44703.2292,3289.5227,0.467,0.8058,0.99
policy,2044,0.1088,1.0,0.9489,3970.3198,28924.7168,50201.5288,58958.46,46865.4474,3293.4359,0.4857,0.843,0.99
policy,2045,0.1088,1.0,0.9492,3970.3198,29994.3699,52106.808,58958.46,48795.6281,3290.1091,0.5036,0.875,0.99
policy,2046,0.1088,1.0,0.9494,3970.3198,30945.7877,53875.2309,58958.46,50522.8314,3280.3445,0.5196,0.9046,0.99
policy,2047,0.1088,1.0,0.9495,3970.3198,31639.6616,55145.6955,58958.46,51927.8253,3265.47,0.5313,0.926,0.99
policy,2048,0.1088,1.0,0.9497,3970.3198,32204.0861,56164.7754,58958.46,52970.6808,3248.4723,0.5408,0.9431,0.99
policy,2049,0.1088,1.0,0.9497,3970.3198,32789.5401,57089.6983,58958.46,53826.896,3220.7562,0.5506,0.9586,0.99
policy,2050,0.1088,1.0,0.9498,3970.3198,33276.7476,57824.6486,58958.46,54657.5436,3178.0157,0.5588,0.971,0.99
